order_date,category_name,product_name,product_price,order_qty,total_sales,cust_email,cust_city
2020-01-01,eBooks,SCARA Robots,19.5,5,97.5,llespercx@com.com,Des Moines
2020-01-01,Robots,RWW-75 Robot,883,3,2649,tmckernot@tinyurl.com,Katy
2020-01-01,eBooks,Spherical Robots,16.75,5,83.75,lfromonte9@de.vu,Birmingham
2020-01-01,Drone Kits,BYOD-220,69,1,69,edew@nba.com,Honolulu
2020-01-01,eBooks,Polar Robots,23.99,2,47.98,fvaslerqt@comsenz.com,Jackson
2020-01-01,Training Videos,Drone Video Techniques,37.99,6,227.94,gstiggersdd@eventbrite.com,Saint Petersburg
2020-01-02,Training Videos,Drone Video Techniques,37.99,2,75.98,lgatenbyel@quantcast.com,Des Moines
2020-01-02,Robot Kits,BYOR-3000,214,2,428,croylede@dot.gov,Virginia Beach
2020-01-02,Drones,DTE-QFN20 Drone,250,2,500,jcolthurstgu@cbsnews.com,Sacramento
2020-01-02,Blueprints,Ladybug Robot Blueprint,12,2,24,akingaby78@deviantart.com,West Palm Beach
2020-01-02,Robot Kits,BYOR-2640S,189,2,378,gmirrlees4v@state.tx.us,Washington
2020-01-02,Robot Kits,BYOR-2640S,189,2,378,aguiongo@behance.net,Houston
2020-01-02,eBooks,Fixed Wing Drones,15.5,3,46.5,ohalbardv@booking.com,Birmingham
2020-01-02,Training Videos,Understanding Automation,44.95,1,44.95,ksteershp@ameblo.jp,San Diego
2020-01-02,Drone Kits,BYOD-100,54,5,270,jzellick84@ustream.tv,Washington
2020-01-03,Robots,MICR-23K Robot,899,2,1798,cciobutaru6v@netlog.com,Charlotte
2020-01-03,Drones,DA-SA702 Drone,399,4,1596,cgabrielaq@spotify.com,Stamford
2020-01-03,Drone Kits,BYOD-350,89.95,3,269.85,bbockhc0@jimdo.com,Torrance
2020-01-03,Training Videos,Drone Video Techniques,37.99,3,113.97,rrehm6a@yandex.ru,Green Bay
2020-01-04,Drone Kits,BYOD-550,179,2,358,nmaven3o@go.com,Sarasota
2020-01-04,Training Videos,Drone Video Techniques,37.99,3,113.97,mchesmanfc@mit.edu,Palatine
2020-01-04,Drone Kits,BYOD-350,89.95,4,359.8,croylede@dot.gov,Virginia Beach
2020-01-04,Robots,MICR-23K Robot,899,5,4495,dkainzh6@freewebs.com,Albany
2020-01-04,Drones,DC-304 Drone,395,3,1185,sabrahamian3i@zimbio.com,Charlotte
2020-01-05,eBooks,RTF Drones,16.99,5,84.949999999999989,polivio2@ft.com,Sacramento
2020-01-05,Training Videos,AI for Educators,49.95,2,99.9,xhulle6v@shinystat.com,Charlotte
2020-01-05,eBooks,SCARA Robots,19.5,4,78,mousley1o@pcworld.com,Boynton Beach
2020-01-05,eBooks,Spherical Robots,16.75,5,83.75,bchittendenot@e-recht24.de,Washington
2020-01-06,Robot Kits,BYOR-3535,225,4,900,tbeller7o@addtoany.com,Melbourne
2020-01-06,eBooks,Single Rotor Drones,14.99,6,89.94,pgaskalb9@webnode.com,Flushing
2020-01-06,Drone Kits,BYOD-220,69,3,207,ocuthbertp9@indiatimes.com,Mobile
2020-01-06,Training Videos,Understanding 3D Printing,42.99,1,42.99,aberickkg@intel.com,Atlanta
2020-01-06,Robots,RWW-75 Robot,883,3,2649,ohalbardv@booking.com,Birmingham
2020-01-06,eBooks,Helicopter Drones,20.95,5,104.75,eporter9k@google.co.uk,Oakland
2020-01-07,Training Videos,Drone Video Techniques,37.99,2,75.98,mellseo8@engadget.com,Reno
2020-01-07,Drones,DX-145 Drone,250,4,1000,mmulcasterks@spiegel.de,Columbus
2020-01-07,Training Videos,AI for Educators,49.95,3,149.85000000000002,tleishmanmi@msu.edu,Pensacola
2020-01-07,eBooks,Cartesian Robots,12.99,5,64.95,rdeerec6@china.com.cn,Syracuse
2020-01-07,Drones,DX-145 Drone,250,5,1250,ascarsbrooke6g@bloglovin.com,Jackson
2020-01-07,Robot Kits,BYOR-3000,214,4,856,cloinsjc@mail.ru,Oklahoma City
2020-01-07,Blueprints,Creature Robot Arms Blueprint,12,5,60,ndegv@sakura.ne.jp,Anniston
2020-01-07,eBooks,Building Your First Robot,24.95,6,149.7,hwimesbb@deviantart.com,Miami
2020-01-07,eBooks,Articulated Robots,23.99,1,23.99,nclandillon9s@huffingtonpost.com,Lincoln
2020-01-08,eBooks,GPS Drones,19.99,6,119.94,emergue9q@nhs.uk,Greensboro
2020-01-08,Robot Kits,BYOR-2640S,189,4,756,ykikkec5@bing.com,Arlington
2020-01-08,Robot Kits,BYOR-1000,189,1,189,mknyvettt@spiegel.de,Shawnee Mission
2020-01-08,Training Videos,Understanding 3D Printing,42.99,4,171.96,dshelborne6w@4shared.com,Columbus
2020-01-09,Robots,RXW-9807 Robot,599,5,2995,cdivesa9@mit.edu,Springfield
2020-01-09,eBooks,Photograph Drones,14.99,5,74.95,ntolussidy@sciencedaily.com,El Paso
2020-01-09,eBooks,Cartesian Robots,12.99,1,12.99,dhassencj@hp.com,Rochester
2020-01-09,Robots,RXW-9807 Robot,599,6,3594,fuebeli@army.mil,Lima
2020-01-09,eBooks,Single Rotor Drones,14.99,3,44.97,ttrowel3@joomla.org,Hagerstown
2020-01-10,Robots,RQTE-554 Robot,684,2,1368,pgrigoroni8x@nbcnews.com,Bronx
2020-01-10,Drones,DTE-QFN20 Drone,250,2,500,llucken6y@arstechnica.com,Dallas
2020-01-10,Training Videos,Understanding Raspberry PI,28.99,2,57.98,nkelleyql@php.net,Denver
2020-01-11,Drone Kits,BYOD-500,167,4,668,ebartolozzigq@time.com,Glendale
2020-01-12,Blueprints,Ladybug Robot Blueprint,12,6,72,ucastanhoq7@who.int,Miami
2020-01-12,Robot Kits,BYOR-3535,225,3,675,dedgeler3u@booking.com,Columbus
2020-01-12,eBooks,GPS Drones,19.99,6,119.94,sbyasnq@netvibes.com,Los Angeles
2020-01-12,eBooks,Polar Robots,23.99,4,95.96,dgyrgorcewicx5@1und1.de,Tulsa
2020-01-13,eBooks,Photograph Drones,14.99,4,59.96,rgifkins7u@mysql.com,Chicago
2020-01-13,eBooks,Polar Robots,23.99,1,23.99,lcridlonkj@sina.com.cn,Springfield
2020-01-13,eBooks,Fixed Wing Drones,15.5,4,62,rpittsel@t.co,Savannah
2020-01-13,Training Videos,Understanding 3D Printing,42.99,5,214.95000000000002,hbamletr9@google.nl,Sioux City
2020-01-14,Drones,MICR-564K Drone,499,6,2994,dbannellcg@google.ru,Jacksonville
2020-01-14,eBooks,Single Rotor Drones,14.99,4,59.96,jsumpner5u@google.com.au,Miami
2020-01-14,Training Videos,Industrial 3D Printing,49,5,245,cpala1d@mysql.com,Davenport
2020-01-14,Blueprints,Sleepy Eye Blueprint,11.99,3,35.97,bheditchad@icq.com,Miami
2020-01-14,Blueprints,Panda Robot Blueprint,7.99,3,23.97,tspavon3q@tumblr.com,Chicago
2020-01-14,eBooks,Delivery Drones,14.99,2,29.98,nbukacrm@nymag.com,Salt Lake City
2020-01-15,Blueprints,Sleepy Eye Blueprint,11.99,5,59.95,ulamboll9z@sciencedirect.com,Fresno
2020-01-15,eBooks,Polar Robots,23.99,3,71.97,rdermotm7@spotify.com,Washington
2020-01-15,eBooks,Delivery Drones,14.99,5,74.95,gmasic8k@whitehouse.gov,Greeley
2020-01-16,Drone Kits,BYOD-350,89.95,5,449.75,acudmore4i@artisteer.com,Chattanooga
2020-01-16,Drone Kits,BYOD-200,58.95,2,117.9,abrabyndc@dailymail.co.uk,Syracuse
2020-01-17,Robot Kits,BYOR-3000,214,3,642,aghironq4@123-reg.co.uk,Charleston
2020-01-17,eBooks,SCARA Robots,19.5,6,117,bissitbb@oaic.gov.au,Birmingham
2020-01-17,eBooks,Building Your Own Drone,24.99,4,99.96,hskelbeck49@admin.ch,Albuquerque
2020-01-18,eBooks,Cartesian Robots,12.99,6,77.94,rhebner7v@hugedomains.com,Irvine
2020-01-18,Drone Kits,BYOD-550,179,3,537,pmcterlaghct@joomla.org,Fresno
2020-01-18,Blueprints,QuadroCopter Blueprint,10.99,2,21.98,psherrottp2@e-recht24.de,Newark
2020-01-18,eBooks,Understanding Artificial Intelligence,19.5,3,58.5,epetegreem0@hhs.gov,Spokane
2020-01-18,Training Videos,Drone Video Techniques,37.99,2,75.98,mfernleyah@fastcompany.com,Birmingham
2020-01-19,Robot Kits,BYOR-1500,189,5,945,dfison78@163.com,Long Beach
2020-01-19,Drone Kits,BYOD-350,89.95,3,269.85,esilmanri@indiegogo.com,San Antonio
2020-01-19,Drone Kits,BYOD-400S,129.95,5,649.75,lglabach3k@pagesperso-orange.fr,Roanoke
2020-01-20,eBooks,Helicopter Drones,20.95,4,83.8,smaffyjj@nbcnews.com,San Luis Obispo
2020-01-20,eBooks,Understanding Artificial Intelligence,19.5,3,58.5,easkella0@eventbrite.com,New Orleans
2020-01-20,eBooks,Single Rotor Drones,14.99,1,14.99,mbodessondq@admin.ch,Rochester
2020-01-21,Drones,MICR-564K Drone,499,4,1996,dmonahanjn@youku.com,Boston
2020-01-21,Robots,RXW-9807 Robot,599,4,2396,ecowthart1h@scientificamerican.com,Saint Paul
2020-01-21,eBooks,Building Your First Robot,24.95,2,49.9,aolekhovn7@webmd.com,Salt Lake City
2020-01-21,eBooks,SCARA Robots,19.5,2,39,bkleanthousre@ox.ac.uk,Evansville
2020-01-21,eBooks,Cartesian Robots,12.99,2,25.98,jdobbinson6o@globo.com,Odessa
2020-01-21,Robots,RLK-9920 Robot,699,6,4194,vlanfare8n@java.com,Miami
2020-01-21,Drones,DTD-7000 Drone,450,5,2250,morodaneac@furl.net,San Francisco
2020-01-21,Robot Kits,BYOR-3535,225,2,450,salbrightonbf@paginegialle.it,Washington
2020-01-21,eBooks,Single Rotor Drones,14.99,3,44.97,bmourant33@bluehost.com,Evansville
2020-01-21,Robot Kits,BYOR-1000,189,4,756,bwailes4a@mac.com,Los Angeles
2020-01-21,Robots,RXW-9807 Robot,599,5,2995,cstedmanby@prnewswire.com,Sacramento
2020-01-21,Drones,DA-SA702 Drone,399,3,1197,jhambelton76@moonfruit.com,Riverside
2020-01-22,eBooks,Understanding Artificial Intelligence,19.5,3,58.5,avolkernk@pen.io,Idaho Falls
2020-01-22,Drones,DX-145 Drone,250,3,750,lmciverr0@linkedin.com,Lehigh Acres
2020-01-22,Drone Kits,BYOD-200,58.95,5,294.75,bsimperl7@amazon.co.uk,Bronx
2020-01-22,Drones,DTI-84 Drone,455,4,1820,morodaneac@furl.net,San Francisco
2020-01-22,Drones,DC-304 Drone,395,1,395,twiddicombem5@ucoz.ru,Fort Lauderdale
2020-01-23,Drones,DTI-84 Drone,455,5,2275,dgiffard72@aboutads.info,Syracuse
2020-01-23,Blueprints,All Eyes Drone Blueprint,9.99,4,39.96,hwissbypy@msu.edu,Chicago
2020-01-23,eBooks,Cartesian Robots,12.99,4,51.96,akleinmintz3g@xing.com,Littleton
2020-01-23,Training Videos,Cloud Computing,29.99,2,59.98,clillea8@nasa.gov,Birmingham
2020-01-23,Drone Kits,BYOD-400,119,4,476,dmirrleesnf@sitemeter.com,Newark
2020-01-23,Robots,RCB-889 Robot,549,5,2745,klornsenhy@is.gd,Cincinnati
2020-01-23,eBooks,Multi Rotor Drones,24.95,3,74.85,jratterb4@google.co.jp,Jersey City
2020-01-23,Training Videos,Virtual Reality Basics,29.99,5,149.95,bgellion2q@un.org,Saint Petersburg
2020-01-23,Training Videos,Understanding Drone Regulations,27.5,4,110,selliottqs@google.cn,Wichita
2020-01-24,eBooks,Cartesian Robots,12.99,4,51.96,mpatey9h@barnesandnoble.com,San Jose
2020-01-24,Blueprints,QuadroCopter Blueprint,10.99,3,32.97,dwestmacottdo@hubpages.com,Anchorage
2020-01-24,Training Videos,Drone Video Techniques,37.99,1,37.99,sstronghillc1@google.nl,Midland
2020-01-24,Robot Kits,BYOR-4005,245,5,1225,bsoalqt@chicagotribune.com,Durham
2020-01-24,Training Videos,Robotic Essentials,34.99,3,104.97,wwaisona4@people.com.cn,Cedar Rapids
2020-01-24,Drones,DTI-84 Drone,455,2,910,faron9f@51.la,San Diego
2020-01-24,Drones,DA-SA702 Drone,399,3,1197,dvassarph@ovh.net,Carson City
2020-01-25,Training Videos,Drone Video Techniques,37.99,4,151.96,cchadwickg2@craigslist.org,Bakersfield
2020-01-25,Blueprints,Ladybug Robot Blueprint,12,5,60,ecasaleql@nhs.uk,New Orleans
2020-01-25,Drones,DX-145 Drone,250,5,1250,jramsbothamly@pagesperso-orange.fr,Topeka
2020-01-25,Training Videos,Mapping with Drones,49,3,147,mdeniscc@angelfire.com,Montgomery
2020-01-26,Drone Kits,BYOD-500,167,4,668,torsman16@quantcast.com,Muncie
2020-01-26,eBooks,Drone Building Essentials,13.99,3,41.97,bnendick5z@mtv.com,Fresno
2020-01-26,Drones,DTI-84 Drone,455,5,2275,ochaffing9@wp.com,Saint Louis
2020-01-27,Blueprints,Bsquare Robot Blueprint,8.99,1,8.99,fhonatsch4p@epa.gov,Hartford
2020-01-27,eBooks,GPS Drones,19.99,5,99.949999999999989,godonnellal@freewebs.com,Norfolk
2020-01-27,eBooks,Photograph Drones,14.99,4,59.96,dgamelz@cam.ac.uk,Newark
2020-01-27,eBooks,Understanding Arduino,17.5,5,87.5,mmerigonaz@go.com,Boynton Beach
2020-01-27,Robots,RQTE-554 Robot,684,3,2052,bflintls@bloglovin.com,Santa Barbara
2020-01-27,eBooks,Building Your Own Drone,24.99,5,124.94999999999999,wcreweem@ycombinator.com,Anchorage
2020-01-27,eBooks,GPS Drones,19.99,1,19.99,crankingmd@shareasale.com,Sacramento
2020-01-28,eBooks,GPS Drones,19.99,3,59.97,sgehringer4s@auda.org.au,Boston
2020-01-28,eBooks,Building Your First Robot,24.95,4,99.8,dwimburya7@nationalgeographic.com,Hartford
2020-01-28,Training Videos,Industrial 3D Printing,49,3,147,smarojq@odnoklassniki.ru,Philadelphia
2020-01-29,Training Videos,AI for Educators,49.95,5,249.75,genochef@networkadvertising.org,Zephyrhills
2020-01-29,Blueprints,Creature Robot Arms Blueprint,12,4,48,icastroj8@trellian.com,San Angelo
2020-01-29,eBooks,Cartesian Robots,12.99,4,51.96,dfriel54@howstuffworks.com,Young America
2020-01-30,eBooks,Polar Robots,23.99,4,95.96,rscoinesk6@blogspot.com,Madison
2020-01-30,Blueprints,Ladybug Robot Blueprint,12,3,36,rgeorgelin5v@istockphoto.com,Brooklyn
2020-01-30,Robots,RCB-889 Robot,549,3,1647,rranyelld5n@msn.com,Oxnard
2020-01-30,Robots,RCB-889 Robot,549,5,2745,lholliboneai@columbia.edu,San Antonio
2020-01-30,Drone Kits,BYOD-400,119,4,476,htidmanmv@ucla.edu,Knoxville
2020-01-31,Drone Kits,BYOD-500,167,4,668,ldomengetg1@nsw.gov.au,Scottsdale
2020-01-31,Drones,DTD-7000 Drone,450,2,900,eyakoboviczn6@fc2.com,Madison
2020-01-31,Training Videos,Aerial Security,36.99,3,110.97,dvassarph@ovh.net,Carson City
2020-01-31,Training Videos,Cloud Computing,29.99,3,89.97,lcotaeq@prweb.com,Oakland
2020-01-31,eBooks,Building Your First Robot,24.95,4,99.8,jbernaertqo@microsoft.com,Toledo
2020-01-31,Robot Kits,BYOR-1000,189,2,378,cshentonl8@java.com,Cumming
2020-02-01,Training Videos,AI for Educators,49.95,1,49.95,gmacenzy8g@constantcontact.com,Springfield
2020-02-01,eBooks,Understanding Arduino,17.5,4,70,clowth9p@rakuten.co.jp,New York City
2020-02-01,Drone Kits,BYOD-550,179,3,537,mhaskins5@ibm.com,Reno
2020-02-01,Training Videos,Robotic Essentials,34.99,5,174.95000000000002,bminkinan@mtv.com,Fairbanks
2020-02-02,Blueprints,Hexacopter Drone Blueprint,8.99,5,44.95,fbrignalll3@google.com.au,El Paso
2020-02-02,Blueprints,Hexacopter Drone Blueprint,8.99,5,44.95,achristolqa@networksolutions.com,Charleston
2020-02-02,eBooks,Helicopter Drones,20.95,5,104.75,cdroghanpg@over-blog.com,Tacoma
2020-02-02,Robots,RCB-889 Robot,549,2,1098,cgillionm7@cdc.gov,Houston
2020-02-02,Blueprints,Sleepy Eye Blueprint,11.99,4,47.96,gdaspark4@unesco.org,Birmingham
2020-02-02,Blueprints,Panda Robot Blueprint,7.99,2,15.98,eworleyef@imdb.com,Columbus
2020-02-03,eBooks,Polar Robots,23.99,3,71.97,bfroomq@acquirethisname.com,Salt Lake City
2020-02-03,Robots,RXW-9807 Robot,599,5,2995,eanfonsipu@wunderground.com,Orlando
2020-02-03,Drone Kits,BYOD-200,58.95,2,117.9,ggallene1@moonfruit.com,San Antonio
2020-02-03,eBooks,Articulated Robots,23.99,3,71.97,lilyin9s@discovery.com,Colorado Springs
2020-02-04,Robot Kits,BYOR-1500,189,6,1134,btomczynskinw@amazon.de,Minneapolis
2020-02-04,Blueprints,QuadroCopter Blueprint,10.99,3,32.97,ijohanningrq@t-online.de,Kansas City
2020-02-04,eBooks,Fixed Wing Drones,15.5,5,77.5,imcshirrie2f@squidoo.com,Hot Springs National Park
2020-02-04,Training Videos,Understanding Raspberry PI,28.99,3,86.97,gbednellqw@examiner.com,Akron
2020-02-04,Robots,RCB-889 Robot,549,4,2196,agowdridgecl@odnoklassniki.ru,Bloomington
2020-02-05,Drone Kits,BYOD-200,58.95,3,176.85000000000002,wconybearoy@webnode.com,Austin
2020-02-05,Training Videos,Virtual Reality Basics,29.99,2,59.98,ozoellner21@mediafire.com,Peoria
2020-02-05,Robot Kits,BYOR-3000,214,5,1070,challiburtonjx@wordpress.com,Anchorage
2020-02-05,Drone Kits,BYOD-300,89,2,178,thousecroftfp@taobao.com,Cincinnati
2020-02-05,eBooks,Multi Rotor Drones,24.95,3,74.85,darmytagehc@mediafire.com,Riverside
2020-02-06,Blueprints,Cat Robot Blueprint,4.99,4,19.96,doliverpaullmb@vinaora.com,Fort Wayne
2020-02-06,Drone Kits,BYOD-500,167,3,501,ljolleyiw@google.de,Miami
2020-02-06,Drone Kits,BYOD-550,179,3,537,akitchenhamga@tripadvisor.com,Detroit
2020-02-06,Blueprints,Sleepy Eye Blueprint,11.99,3,35.97,cpickover2l@apache.org,Huntington Beach
2020-02-06,eBooks,Delivery Drones,14.99,3,44.97,nachesonjd@sbwire.com,Minneapolis
2020-02-07,Blueprints,Bsquare Robot Blueprint,8.99,4,35.96,hwissbypy@msu.edu,Chicago
2020-02-07,eBooks,Building Your Own Drone,24.99,4,99.96,zpoolmaniz@linkedin.com,Fargo
2020-02-07,Drones,MICR-564K Drone,499,5,2495,wspark10@mashable.com,Reston
2020-02-07,eBooks,Building Your Own Drone,24.99,1,24.99,ckobierzyckipr@sogou.com,Atlanta
2020-02-07,eBooks,Cartesian Robots,12.99,4,51.96,lrobacknn@newyorker.com,Madison
2020-02-07,eBooks,Delivery Drones,14.99,2,29.98,cscarr9m@yahoo.com,Montgomery
2020-02-08,Drones,DTE-QFN20 Drone,250,3,750,dhuddartht@networksolutions.com,Miami
2020-02-08,Drone Kits,BYOD-400S,129.95,4,519.8,ecowthart1h@scientificamerican.com,Saint Paul
2020-02-08,eBooks,Delivery Drones,14.99,6,89.94,rjachtym3c@usda.gov,Boston
2020-02-08,Training Videos,Understanding Drone Regulations,27.5,2,55,dcandey3b@cocolog-nifty.com,Denver
2020-02-08,Training Videos,Understanding Drone Regulations,27.5,5,137.5,tsailoro4@barnesandnoble.com,Las Vegas
2020-02-08,Robots,RWW-75 Robot,883,4,3532,tcowper25@netlog.com,Fort Worth
2020-02-09,Blueprints,Creature Robot Arms Blueprint,12,3,36,blapthorne1@spotify.com,Tulsa
2020-02-09,Drone Kits,BYOD-200,58.95,6,353.70000000000005,ldambrogiij@merriam-webster.com,Columbia
2020-02-09,Blueprints,Creature Robot Arms Blueprint,12,3,36,bhrishanokd2@archive.org,Pasadena
2020-02-09,Robot Kits,BYOR-1000,189,3,567,vblackwoodmf@tinyurl.com,Atlanta
2020-02-09,Robots,RLK-9920 Robot,699,4,2796,ebartolozzigq@time.com,Glendale
2020-02-09,eBooks,Photograph Drones,14.99,3,44.97,ecowthart1h@scientificamerican.com,Saint Paul
2020-02-09,eBooks,GPS Drones,19.99,2,39.98,ascawtonqi@meetup.com,Abilene
2020-02-10,Robot Kits,BYOR-1000,189,3,567,jhallidayrl@dell.com,Portland
2020-02-10,eBooks,Photograph Drones,14.99,3,44.97,ewinman95@twitter.com,Las Vegas
2020-02-10,Drone Kits,BYOD-400S,129.95,1,129.95,aolekhovn7@webmd.com,Salt Lake City
2020-02-10,Training Videos,AI for Educators,49.95,2,99.9,ttoulchi5@ehow.com,Phoenix
2020-02-11,eBooks,Multi Rotor Drones,24.95,3,74.85,bsortongk@amazon.de,Bismarck
2020-02-11,eBooks,RTF Drones,16.99,4,67.96,tmariansc4@dmoz.org,Corona
2020-02-11,Drones,DC-304 Drone,395,3,1185,swelmanod@google.it,Columbus
2020-02-11,Drone Kits,BYOD-400S,129.95,5,649.75,bcrowthergs@cyberchimps.com,Tucson
2020-02-11,Robots,RQTE-554 Robot,684,2,1368,mbuckmaster6b@mediafire.com,Detroit
2020-02-12,Training Videos,Robotic Essentials,34.99,5,174.95000000000002,egrombridge88@upenn.edu,Washington
2020-02-12,Drone Kits,BYOD-220,69,4,276,kbrewittgf@mac.com,Flint
2020-02-12,Blueprints,Bsquare Robot Blueprint,8.99,6,53.94,brickabya2@europa.eu,Kansas City
2020-02-12,Training Videos,Understanding 3D Printing,42.99,5,214.95000000000002,larnaudonqm@uol.com.br,Denver
2020-02-12,eBooks,Polar Robots,23.99,5,119.94999999999999,ecolepl@youku.com,Hartford
2020-02-12,Drones,DTI-84 Drone,455,1,455,gsemered1u@dot.gov,Washington
2020-02-12,Drones,DA-SA702 Drone,399,4,1596,gmacenzy8g@constantcontact.com,Springfield
2020-02-12,Robots,RLK-9920 Robot,699,6,4194,hfaulconerbv@msu.edu,Galveston
2020-02-13,Robots,RLK-9920 Robot,699,5,3495,ggoodere4q@scientificamerican.com,Omaha
2020-02-13,Training Videos,Open Source Code,32.95,5,164.75,genochef@networkadvertising.org,Zephyrhills
2020-02-13,Robot Kits,BYOR-3000,214,4,856,cnenolz@mediafire.com,Aurora
2020-02-13,Drones,DX-145 Drone,250,2,500,roxtibyp1@slashdot.org,Des Moines
2020-02-13,eBooks,Spherical Robots,16.75,5,83.75,salbrightonbf@paginegialle.it,Washington
2020-02-14,Training Videos,Drone Video Techniques,37.99,4,151.96,ascawtonqi@meetup.com,Abilene
2020-02-14,Drone Kits,BYOD-400S,129.95,2,259.9,cswanm7@ft.com,Redwood City
2020-02-14,Robots,RCB-889 Robot,549,3,1647,pstonehewerha@state.tx.us,Houston
2020-02-15,Blueprints,Creature Robot Arms Blueprint,12,3,36,rterzinc@youtu.be,Roanoke
2020-02-15,eBooks,Photograph Drones,14.99,5,74.95,bwaiton1@geocities.com,Madison
2020-02-15,Drone Kits,BYOD-500,167,2,334,bhargeriehi@bandcamp.com,Phoenix
2020-02-15,Blueprints,Hexacopter Drone Blueprint,8.99,2,17.98,ldreschler65@reverbnation.com,Little Rock
2020-02-15,Blueprints,Creature Robot Arms Blueprint,12,6,72,cklemenzmn@ezinearticles.com,Oakland
2020-02-16,eBooks,Polar Robots,23.99,2,47.98,arudingerbh@nps.gov,Odessa
2020-02-16,Training Videos,Virtual Reality Basics,29.99,3,89.97,nbukacrm@nymag.com,Salt Lake City
2020-02-16,eBooks,Helicopter Drones,20.95,3,62.849999999999994,lhacardic@drupal.org,Knoxville
2020-02-16,Drones,DA-SA702 Drone,399,3,1197,bshavelo8@ihg.com,Atlanta
2020-02-16,Drones,DTD-7000 Drone,450,1,450,nsexceyar@state.tx.us,Saginaw
2020-02-16,Drones,DC-304 Drone,395,5,1975,jdoubrava7@naver.com,Saint Louis
2020-02-16,eBooks,Cartesian Robots,12.99,4,51.96,bissonrn@wufoo.com,Minneapolis
2020-02-16,Robots,RLK-9920 Robot,699,3,2097,dotteyf0@scribd.com,Aiken
2020-02-17,eBooks,Helicopter Drones,20.95,4,83.8,llespercx@com.com,Des Moines
2020-02-17,Training Videos,Understanding Drone Regulations,27.5,3,82.5,jdowlingn3@google.it,Saginaw
2020-02-18,Training Videos,Understanding Raspberry PI,28.99,3,86.97,hhaw9q@answers.com,Boise
2020-02-18,Drone Kits,BYOD-100,54,5,270,rmateikogg@merriam-webster.com,El Paso
2020-02-18,Drones,DA-SA702 Drone,399,5,1995,nfulham5t@fda.gov,San Francisco
2020-02-18,Blueprints,Bsquare Robot Blueprint,8.99,4,35.96,mponde11@cnet.com,Boise
2020-02-18,eBooks,Building Your First Robot,24.95,4,99.8,bstichelom@adobe.com,Garland
2020-02-18,Drone Kits,BYOD-400S,129.95,6,779.69999999999993,dstuartil@dmoz.org,Little Rock
2020-02-18,Drone Kits,BYOD-500,167,4,668,mbrabenderar@wikipedia.org,Miami
2020-02-19,eBooks,RTF Drones,16.99,2,33.98,eweedeneb@google.ca,Erie
2020-02-19,Robots,RQTE-554 Robot,684,6,4104,cbentinckn0@indiegogo.com,New York City
2020-02-20,Drone Kits,BYOD-350,89.95,5,449.75,clanneyiu@imdb.com,Canton
2020-02-20,Drone Kits,BYOD-300,89,4,356,cciobutaru6v@netlog.com,Charlotte
2020-02-20,eBooks,Delta Robots,16.99,4,67.96,cgallehockkf@xinhuanet.com,Denver
2020-02-20,Blueprints,Sleepy Eye Blueprint,11.99,5,59.95,enardipv@networkadvertising.org,Cape Coral
2020-02-21,Blueprints,Ladybug Robot Blueprint,12,3,36,ksmeetongu@wordpress.com,Tulsa
2020-02-21,Training Videos,Aerial Security,36.99,3,110.97,ravardff@yelp.com,Oakland
2020-02-21,Robots,RLK-9920 Robot,699,5,3495,bshavelo8@ihg.com,Atlanta
2020-02-21,eBooks,Spherical Robots,16.75,4,67,ophythianpt@princeton.edu,Evansville
2020-02-21,Blueprints,Creature Robot Arms Blueprint,12,3,36,msuggettgh@php.net,Cincinnati
2020-02-21,Training Videos,Understanding Drone Regulations,27.5,5,137.5,fphebee40@seattletimes.com,South Bend
2020-02-21,Blueprints,Panda Robot Blueprint,7.99,5,39.95,hbrisleygo@telegraph.co.uk,Omaha
2020-02-21,Drone Kits,BYOD-400S,129.95,2,259.9,bcumberpatchjr@auda.org.au,Birmingham
2020-02-21,Drone Kits,BYOD-550,179,5,895,bmackintoshiu@google.co.jp,Lincoln
2020-02-22,Blueprints,Hexacopter Drone Blueprint,8.99,4,35.96,bgraceg3@nih.gov,Grand Junction
2020-02-24,Robot Kits,BYOR-2640S,189,2,378,awalshj1@dell.com,Mesa
2020-02-24,Blueprints,Sleepy Eye Blueprint,11.99,2,23.98,dmcgrortyin@google.co.jp,Elizabeth
2020-02-24,Training Videos,Robotic Essentials,34.99,2,69.98,bdej@posterous.com,Corpus Christi
2020-02-24,Training Videos,Understanding Raspberry PI,28.99,1,28.99,mscutter9h@skype.com,Newark
2020-02-24,eBooks,Spherical Robots,16.75,2,33.5,slocockig@wp.com,New Haven
2020-02-24,Drone Kits,BYOD-100,54,1,54,ogottschalk7l@vinaora.com,Minneapolis
2020-02-25,Blueprints,Ladybug Robot Blueprint,12,3,36,nyersonp5@mlb.com,Lafayette
2020-02-25,eBooks,Spherical Robots,16.75,1,16.75,thamil87@telegraph.co.uk,Detroit
2020-02-25,eBooks,Helicopter Drones,20.95,3,62.849999999999994,jponsford2o@booking.com,El Paso
2020-02-25,Blueprints,Creature Robot Arms Blueprint,12,4,48,gbrushneenmt@gnu.org,Peoria
2020-02-25,Robot Kits,BYOR-4005,245,3,735,kgarroldqn@blogtalkradio.com,Evansville
2020-02-25,Robots,RCB-889 Robot,549,3,1647,hcoultercx@sciencedaily.com,Inglewood
2020-02-25,eBooks,Understanding Artificial Intelligence,19.5,1,19.5,gsemered1u@dot.gov,Washington
2020-02-25,eBooks,GPS Drones,19.99,5,99.949999999999989,kbulfordiz@friendfeed.com,Saint Louis
2020-02-25,eBooks,Understanding Arduino,17.5,3,52.5,cbunnellma@google.nl,Memphis
2020-02-25,Drones,DTE-QFN20 Drone,250,2,500,sixer2o@wikipedia.org,Mobile
2020-02-26,eBooks,Fixed Wing Drones,15.5,2,31,epetegreem0@hhs.gov,Spokane
2020-02-26,eBooks,Polar Robots,23.99,4,95.96,pwallmanam@booking.com,Stamford
2020-02-26,eBooks,Understanding Arduino,17.5,5,87.5,woxleemg@europa.eu,Miami
2020-02-26,eBooks,Multi Rotor Drones,24.95,3,74.85,lditchnu@mlb.com,Beaufort
2020-02-26,Drone Kits,BYOD-400,119,3,357,smarojq@odnoklassniki.ru,Philadelphia
2020-02-26,Training Videos,Open Source Code,32.95,5,164.75,hgeeraerteh@npr.org,Clearwater
2020-02-27,Training Videos,Drone Video Techniques,37.99,4,151.96,szollner5m@skype.com,San Diego
2020-02-27,Robot Kits,BYOR-1000,189,4,756,mmitroshinovr@sfgate.com,San Francisco
2020-02-28,Drones,DTI-84 Drone,455,4,1820,emcrory6y@mac.com,Birmingham
2020-02-28,eBooks,Building Your First Robot,24.95,4,99.8,sdixceekl@vkontakte.ru,Lafayette
2020-02-28,eBooks,Helicopter Drones,20.95,5,104.75,rpittsel@t.co,Savannah
2020-02-28,eBooks,Spherical Robots,16.75,4,67,psherrottp2@e-recht24.de,Newark
2020-02-28,Robots,RXW-9807 Robot,599,3,1797,aduberryoq@hugedomains.com,Trenton
2020-02-29,eBooks,Single Rotor Drones,14.99,1,14.99,abrokeqg@ihg.com,Los Angeles
2020-02-29,Robots,RCB-889 Robot,549,5,2745,rhutchin7y@springer.com,Washington
2020-03-01,Drone Kits,BYOD-300,89,3,267,mbermingham2d@php.net,Chico
2020-03-01,Robot Kits,BYOR-1500,189,2,378,ecleworthcq@hp.com,Columbus
2020-03-01,eBooks,Helicopter Drones,20.95,3,62.849999999999994,wkilcullenij@canalblog.com,Lancaster
2020-03-01,Blueprints,Creature Robot Arms Blueprint,12,4,48,hjammeqo@comcast.net,Santa Rosa
2020-03-01,Robots,RCB-889 Robot,549,3,1647,dhoultek@exblog.jp,Los Angeles
2020-03-02,Blueprints,Sleepy Eye Blueprint,11.99,2,23.98,mheaps55@usatoday.com,Saint Paul
2020-03-02,Drone Kits,BYOD-200,58.95,2,117.9,eblackader1@timesonline.co.uk,Stockton
2020-03-02,Robot Kits,BYOR-1000,189,4,756,vrennocks5n@ow.ly,Evansville
2020-03-02,eBooks,Delta Robots,16.99,2,33.98,pleberkj@sitemeter.com,Billings
2020-03-02,Training Videos,Drone Video Techniques,37.99,2,75.98,acristoferid8@bigcartel.com,Simi Valley
2020-03-02,Drones,DTD-7000 Drone,450,4,1800,gsweeting7t@w3.org,Silver Spring
2020-03-02,Drones,DTE-QFN20 Drone,250,4,1000,mswabye5@time.com,Minneapolis
2020-03-02,Blueprints,QuadroCopter Blueprint,10.99,5,54.95,jmckirtonb6@merriam-webster.com,Kansas City
2020-03-02,Drone Kits,BYOD-350,89.95,5,449.75,nkippax2j@auda.org.au,Washington
2020-03-03,Training Videos,Industrial 3D Printing,49,2,98,ncockettj0@ibm.com,Richmond
2020-03-03,Robot Kits,BYOR-3000,214,3,642,owalshjg@si.edu,Chicago
2020-03-03,Robots,RCB-889 Robot,549,3,1647,rshielcz@photobucket.com,Brooklyn
2020-03-03,Robots,RWW-75 Robot,883,5,4415,afanning12@dmoz.org,Arlington
2020-03-03,eBooks,Fixed Wing Drones,15.5,4,62,pjermeyqp@hugedomains.com,Santa Fe
2020-03-03,Drones,DC-304 Drone,395,3,1185,jeasterop@tinypic.com,Washington
2020-03-03,Training Videos,Understanding Raspberry PI,28.99,3,86.97,mbraunstonn3@histats.com,Brooklyn
2020-03-03,Robots,MICR-23K Robot,899,1,899,ahardym@soup.io,Madison
2020-03-03,eBooks,Delta Robots,16.99,3,50.97,jhallidayrl@dell.com,Portland
2020-03-04,Drone Kits,BYOD-500,167,1,167,idurnillms@vinaora.com,Fresno
2020-03-04,eBooks,Photograph Drones,14.99,5,74.95,rhargreaves2e@gizmodo.com,Columbus
2020-03-04,Blueprints,Panda Robot Blueprint,7.99,2,15.98,shasnip86@qq.com,Tucson
2020-03-05,Training Videos,Robotic Essentials,34.99,4,139.96,dlevermoremw@amazon.de,New York City
2020-03-06,Drone Kits,BYOD-300,89,3,267,vilyinskioe@amazonaws.com,Oklahoma City
2020-03-06,Drone Kits,BYOD-200,58.95,2,117.9,rkeelanoc@yolasite.com,Trenton
2020-03-06,eBooks,Photograph Drones,14.99,1,14.99,mousley1o@pcworld.com,Boynton Beach
2020-03-07,Blueprints,Ladybug Robot Blueprint,12,5,60,gbonde90@vimeo.com,San Francisco
2020-03-07,Robot Kits,BYOR-1000,189,5,945,olakesar@tripadvisor.com,Saint Petersburg
2020-03-07,Drones,DA-SA702 Drone,399,5,1995,klyer8@fotki.com,Syracuse
2020-03-07,Training Videos,Mapping with Drones,49,4,196,enardipv@networkadvertising.org,Cape Coral
2020-03-08,Robot Kits,BYOR-1500,189,2,378,rbalogiw@arstechnica.com,Birmingham
2020-03-08,Robots,RQTE-554 Robot,684,1,684,pleberkj@sitemeter.com,Billings
2020-03-08,Drones,DC-304 Drone,395,5,1975,achristolqa@networksolutions.com,Charleston
2020-03-08,eBooks,Delta Robots,16.99,5,84.949999999999989,pbracec3@shinystat.com,Columbia
2020-03-09,eBooks,Drone Building Essentials,13.99,6,83.94,ctaceydb@hp.com,Milwaukee
2020-03-09,Training Videos,Industrial 3D Printing,49,6,294,jramsbothamly@pagesperso-orange.fr,Topeka
2020-03-09,Drones,MICR-564K Drone,499,1,499,mtebbitk9@constantcontact.com,Asheville
2020-03-09,Robots,MICR-23K Robot,899,3,2697,ajentzschl1@de.vu,Fullerton
2020-03-09,Robot Kits,BYOR-1000,189,4,756,bscoginm3@yelp.com,Saint Louis
2020-03-09,Training Videos,Virtual Reality Basics,29.99,3,89.97,vhaslam4m@mit.edu,Springfield
2020-03-10,Training Videos,Drone Video Techniques,37.99,1,37.99,ssouttarmb@senate.gov,Austin
2020-03-10,Robot Kits,BYOR-2640S,189,4,756,tmcgarry75@narod.ru,Washington
2020-03-10,Blueprints,All Eyes Drone Blueprint,9.99,3,29.97,hcubberley92@devhub.com,Aurora
2020-03-10,eBooks,Delta Robots,16.99,2,33.98,aloniep3@pinterest.com,Bellevue
2020-03-11,Robot Kits,BYOR-3000,214,3,642,jdeaconsonqb@usgs.gov,Winston Salem
2020-03-11,Blueprints,Sleepy Eye Blueprint,11.99,3,35.97,spumfreyhi@hp.com,Baton Rouge
2020-03-11,Blueprints,Panda Robot Blueprint,7.99,4,31.96,cloinsjc@mail.ru,Oklahoma City
2020-03-12,Robots,RLK-9920 Robot,699,3,2097,selliottqs@google.cn,Wichita
2020-03-12,eBooks,Articulated Robots,23.99,3,71.97,tpickworth4k@rambler.ru,Charlotte
2020-03-12,Blueprints,Panda Robot Blueprint,7.99,2,15.98,bandrickao@smugmug.com,Sterling
2020-03-12,Robot Kits,BYOR-3535,225,2,450,dmarrillb5@sina.com.cn,Irving
2020-03-13,Drones,DX-145 Drone,250,5,1250,fraylton54@fema.gov,Englewood
2020-03-13,Blueprints,Sleepy Eye Blueprint,11.99,4,47.96,jsimonsence@vimeo.com,Silver Spring
2020-03-13,Robots,RCB-889 Robot,549,2,1098,acrippsgt@si.edu,Dallas
2020-03-13,Drones,DC-304 Drone,395,5,1975,trippenig@wunderground.com,Moreno Valley
2020-03-13,Robots,RWW-75 Robot,883,4,3532,lchippindallnr@reddit.com,Washington
2020-03-14,Robot Kits,BYOR-2640S,189,5,945,respinosard@ebay.com,Terre Haute
2020-03-14,Training Videos,AI for Educators,49.95,5,249.75,abentleyx@miitbeian.gov.cn,Atlanta
2020-03-14,Training Videos,Understanding Raspberry PI,28.99,3,86.97,bveallbd@newsvine.com,Lexington
2020-03-15,Drone Kits,BYOD-550,179,4,716,wbernolet9v@ft.com,Appleton
2020-03-15,eBooks,Polar Robots,23.99,1,23.99,rwadelinga6@bloglovin.com,Lexington
2020-03-15,Robot Kits,BYOR-2640S,189,2,378,jdobbinson6o@globo.com,Odessa
2020-03-15,Blueprints,Cat Robot Blueprint,4.99,1,4.99,mpossekfo@google.nl,Flushing
2020-03-15,Blueprints,Sleepy Eye Blueprint,11.99,4,47.96,hantonetti31@wix.com,Chattanooga
2020-03-16,Robot Kits,BYOR-1500,189,3,567,dscracehm@google.ru,Houston
2020-03-16,Robots,RXW-9807 Robot,599,4,2396,gkingegn@pinterest.com,Sacramento
2020-03-16,Robots,RQTE-554 Robot,684,3,2052,lpettusgl@domainmarket.com,Saint Louis
2020-03-17,eBooks,Cartesian Robots,12.99,2,25.98,ebartelsellisll@va.gov,Rockford
2020-03-17,eBooks,Fixed Wing Drones,15.5,3,46.5,bscophamor@homestead.com,Durham
2020-03-17,Drones,MICR-564K Drone,499,5,2495,posbanmn@redcross.org,Sacramento
2020-03-17,Robots,RQTE-554 Robot,684,3,2052,bwansburyfy@cbsnews.com,Manchester
2020-03-17,Training Videos,Mapping with Drones,49,5,245,bhoys51@smh.com.au,Rochester
2020-03-17,Blueprints,Creature Robot Arms Blueprint,12,6,72,crubbens6t@disqus.com,Houston
2020-03-18,eBooks,SCARA Robots,19.5,3,58.5,tocriane96@flavors.me,Little Rock
2020-03-18,Blueprints,Sleepy Eye Blueprint,11.99,1,11.99,asouthallg@sohu.com,Daytona Beach
2020-03-18,Robots,MICR-23K Robot,899,3,2697,claurenzibt@noaa.gov,Pompano Beach
2020-03-18,Blueprints,Sleepy Eye Blueprint,11.99,6,71.94,lstaines64@issuu.com,Modesto
2020-03-19,Drone Kits,BYOD-500,167,4,668,aambrosi3s@sogou.com,Albany
2020-03-19,Blueprints,Bsquare Robot Blueprint,8.99,3,26.97,nseagood4@paginegialle.it,Houston
2020-03-20,Robots,RCB-889 Robot,549,5,2745,rtomkinson47@nbcnews.com,Denver
2020-03-20,Blueprints,QuadroCopter Blueprint,10.99,4,43.96,jharborowia@rambler.ru,Dayton
2020-03-20,eBooks,Delivery Drones,14.99,3,44.97,lhydermu@microsoft.com,Oakland
2020-03-21,Robot Kits,BYOR-4005,245,5,1225,maynoldrp@typepad.com,Madison
2020-03-21,Blueprints,Cat Robot Blueprint,4.99,6,29.94,bdrewclifton8y@nps.gov,Inglewood
2020-03-21,Training Videos,Industrial 3D Printing,49,3,147,mrodmellaf@feedburner.com,Salt Lake City
2020-03-21,Blueprints,Sleepy Eye Blueprint,11.99,4,47.96,cchadwickg2@craigslist.org,Bakersfield
2020-03-21,Drone Kits,BYOD-400,119,4,476,tokeaveny41@fastcompany.com,Houston
2020-03-22,Drone Kits,BYOD-400S,129.95,4,519.8,achristolqa@networksolutions.com,Charleston
2020-03-22,Blueprints,Sleepy Eye Blueprint,11.99,1,11.99,yodalyoa@bing.com,Trenton
2020-03-22,eBooks,Helicopter Drones,20.95,5,104.75,ehynardgc@slashdot.org,Hamilton
2020-03-22,Blueprints,Bsquare Robot Blueprint,8.99,4,35.96,ofedoronkonk@salon.com,Sunnyvale
2020-03-22,Robot Kits,BYOR-1500,189,5,945,lstubbinsmv@livejournal.com,Chattanooga
2020-03-22,Training Videos,Understanding 3D Printing,42.99,4,171.96,eweedeneb@google.ca,Erie
2020-03-23,Blueprints,Ladybug Robot Blueprint,12,1,12,abentleyx@miitbeian.gov.cn,Atlanta
2020-03-23,Training Videos,Robotic Essentials,34.99,5,174.95000000000002,acorneyoq@uol.com.br,Columbia
2020-03-23,eBooks,Delta Robots,16.99,4,67.96,mtollidayo5@plala.or.jp,Peoria
2020-03-23,eBooks,Building Your Own Drone,24.99,4,99.96,rlafayette8x@prlog.org,Burbank
2020-03-24,Drone Kits,BYOD-400,119,5,595,wahmedqj@shareasale.com,Charleston
2020-03-24,Training Videos,Robotic Essentials,34.99,4,139.96,dmeaddowcrofth8@meetup.com,Tacoma
2020-03-24,eBooks,Building Your Own Drone,24.99,3,74.97,bcrowthergs@cyberchimps.com,Tucson
2020-03-24,Training Videos,Open Source Code,32.95,4,131.8,akleinmintz3g@xing.com,Littleton
2020-03-24,Drone Kits,BYOD-200,58.95,3,176.85000000000002,dgeockleoi@wiley.com,Ocala
2020-03-25,Drone Kits,BYOD-200,58.95,4,235.8,amcgeorgeog@wp.com,Joliet
2020-03-25,Drones,DA-SA702 Drone,399,2,798,pshellshearmk@photobucket.com,Lafayette
2020-03-26,Blueprints,All Eyes Drone Blueprint,9.99,2,19.98,mphysickms@vistaprint.com,Boise
2020-03-26,Drone Kits,BYOD-220,69,5,345,tburnhamsqb@deviantart.com,Baltimore
2020-03-26,Drones,MICR-564K Drone,499,1,499,lwhillock3u@woothemes.com,Detroit
2020-03-27,Blueprints,Sleepy Eye Blueprint,11.99,2,23.98,plafranconi4r@google.it,Petaluma
2020-03-27,Robot Kits,BYOR-3535,225,3,675,ggarces8d@cisco.com,Saint Louis
2020-03-27,Training Videos,Virtual Reality Basics,29.99,3,89.97,geavesa6@discuz.net,Hartford
2020-03-27,Training Videos,Drone Video Techniques,37.99,3,113.97,lmccuisbj@digg.com,Lawrenceville
2020-03-27,eBooks,Polar Robots,23.99,6,143.94,hhaw9q@answers.com,Boise
2020-03-27,Blueprints,Panda Robot Blueprint,7.99,1,7.99,pmcterlaghct@joomla.org,Fresno
2020-03-28,eBooks,Cartesian Robots,12.99,4,51.96,rgilbeekq@cdbaby.com,Mobile
2020-03-28,Robots,RXW-9807 Robot,599,5,2995,dparysowna48@multiply.com,Lexington
2020-03-28,Drones,DX-145 Drone,250,5,1250,vhawsii@engadget.com,Sacramento
2020-03-29,Training Videos,Drone Video Techniques,37.99,4,151.96,ffollacaro85@nbcnews.com,Lexington
2020-03-29,Training Videos,Understanding Automation,44.95,4,179.8,bkemet2w@nbcnews.com,Chicago
2020-03-29,eBooks,Delivery Drones,14.99,5,74.95,abernaertc9@newyorker.com,Albuquerque
2020-03-29,Training Videos,Understanding Drone Regulations,27.5,1,27.5,swestby1v@msu.edu,Berkeley
2020-03-29,Robots,RXW-9807 Robot,599,3,1797,mgemmillns@typepad.com,New Orleans
2020-03-30,Drones,DC-304 Drone,395,3,1185,mwhiteleypw@istockphoto.com,Trenton
2020-03-30,Drone Kits,BYOD-500,167,2,334,crubbens6t@disqus.com,Houston
2020-03-30,Training Videos,Mapping with Drones,49,2,98,hdocwradl@discuz.net,Denver
2020-03-31,eBooks,Polar Robots,23.99,4,95.96,pkockkj@npr.org,Salinas
2020-03-31,Drone Kits,BYOD-100,54,3,162,gmalbon26@auda.org.au,Louisville
2020-03-31,eBooks,Polar Robots,23.99,2,47.98,jgethins4j@imageshack.us,Boston
2020-04-01,Training Videos,Understanding Automation,44.95,1,44.95,rchristoffelw@so-net.ne.jp,Baltimore
2020-04-01,Drone Kits,BYOD-500,167,3,501,ysabathe34@wired.com,Huntington
2020-04-01,Drone Kits,BYOD-400S,129.95,1,129.95,jhamblington1j@omniture.com,Macon
2020-04-01,eBooks,Single Rotor Drones,14.99,1,14.99,bcollyal@netvibes.com,Pensacola
2020-04-01,Blueprints,Sleepy Eye Blueprint,11.99,3,35.97,pemlochdy@ebay.co.uk,Provo
2020-04-01,Blueprints,Sleepy Eye Blueprint,11.99,3,35.97,aandrosikl8@twitter.com,Atlanta
2020-04-01,Drones,MICR-564K Drone,499,5,2495,gscandretta4@printfriendly.com,Lexington
2020-04-01,Robots,RCB-889 Robot,549,2,1098,bwansburyfy@cbsnews.com,Manchester
2020-04-01,eBooks,Photograph Drones,14.99,5,74.95,klornsenhy@is.gd,Cincinnati
2020-04-01,eBooks,Cartesian Robots,12.99,5,64.95,dorhrtjc@sciencedaily.com,Pueblo
2020-04-02,Training Videos,Cloud Computing,29.99,3,89.97,fsteersiy@hatena.ne.jp,Cincinnati
2020-04-02,Training Videos,Industrial 3D Printing,49,4,196,fbendle6o@cbc.ca,Dallas
2020-04-02,Robots,RLK-9920 Robot,699,5,3495,lormesn9@smh.com.au,Carol Stream
2020-04-03,eBooks,Delivery Drones,14.99,5,74.95,erowan6h@jigsy.com,Mesquite
2020-04-03,Robot Kits,BYOR-1000,189,3,567,tniezen6u@symantec.com,Las Vegas
2020-04-03,Drones,DC-304 Drone,395,3,1185,abluschkegz@narod.ru,San Jose
2020-04-03,Blueprints,Creature Robot Arms Blueprint,12,3,36,sbolgerfn@epa.gov,Sacramento
2020-04-03,Drones,DC-304 Drone,395,4,1580,btissington3f@apple.com,Dallas
2020-04-03,Training Videos,AI for Educators,49.95,1,49.95,easkella0@eventbrite.com,New Orleans
2020-04-03,Drone Kits,BYOD-220,69,6,414,cseear5f@mashable.com,Akron
2020-04-03,eBooks,RTF Drones,16.99,4,67.96,kbrookesbie95@opera.com,Roanoke
2020-04-03,Drones,DTI-84 Drone,455,5,2275,kdelleschij@howstuffworks.com,Columbus
2020-04-03,Drone Kits,BYOD-550,179,4,716,aolanda1f@cornell.edu,Johnstown
2020-04-03,Blueprints,All Eyes Drone Blueprint,9.99,5,49.95,ebartelsellisll@va.gov,Rockford
2020-04-03,eBooks,Helicopter Drones,20.95,2,41.9,cvasyutin5i@wix.com,Evansville
2020-04-03,Robot Kits,BYOR-3000,214,1,214,dleurenpk@google.com,Dallas
2020-04-04,Drone Kits,BYOD-350,89.95,3,269.85,bsoalqt@chicagotribune.com,Durham
2020-04-04,Robots,MICR-23K Robot,899,2,1798,sgeater52@mashable.com,Kansas City
2020-04-04,eBooks,Delivery Drones,14.99,3,44.97,emcmurdore@ifeng.com,Topeka
2020-04-04,eBooks,Photograph Drones,14.99,4,59.96,amcentagartde@bloglovin.com,San Jose
2020-04-05,Training Videos,Understanding 3D Printing,42.99,5,214.95000000000002,lyardy2t@psu.edu,Sioux Falls
2020-04-05,Blueprints,All Eyes Drone Blueprint,9.99,4,39.96,cnenolz@mediafire.com,Aurora
2020-04-05,Drone Kits,BYOD-400,119,2,238,kjonesor@addthis.com,New York City
2020-04-05,Robot Kits,BYOR-4005,245,6,1470,wwaisona4@people.com.cn,Cedar Rapids
2020-04-05,Training Videos,AI for Educators,49.95,2,99.9,rbevirnj@blogspot.com,Houston
2020-04-05,Robots,RLK-9920 Robot,699,3,2097,aglendzafn@istockphoto.com,San Diego
2020-04-05,Drone Kits,BYOD-350,89.95,2,179.9,bbartosch86@admin.ch,Duluth
2020-04-06,eBooks,Spherical Robots,16.75,4,67,aiveanskk@wired.com,Springfield
2020-04-06,eBooks,RTF Drones,16.99,3,50.97,lmccuisbj@digg.com,Lawrenceville
2020-04-06,Blueprints,Sleepy Eye Blueprint,11.99,4,47.96,cklugerlg@sfgate.com,San Diego
2020-04-06,Drones,DTE-QFN20 Drone,250,2,500,hhaw9q@answers.com,Boise
2020-04-06,Blueprints,Cat Robot Blueprint,4.99,6,29.94,bbarthode@sina.com.cn,Long Beach
2020-04-07,Drones,DA-SA702 Drone,399,5,1995,lcridlonkj@sina.com.cn,Springfield
2020-04-07,Training Videos,Understanding Automation,44.95,2,89.9,mbraunstonn3@histats.com,Brooklyn
2020-04-07,Robot Kits,BYOR-1000,189,5,945,wcreweem@ycombinator.com,Anchorage
2020-04-07,eBooks,Drone Building Essentials,13.99,3,41.97,mmeneerkx@symantec.com,Daytona Beach
2020-04-07,eBooks,Understanding Arduino,17.5,5,87.5,cillwellk2@cdbaby.com,Tacoma
2020-04-07,Training Videos,Understanding Drone Regulations,27.5,4,110,kantyukhingx@com.com,Fresno
2020-04-07,eBooks,Single Rotor Drones,14.99,3,44.97,naaronoh@ihg.com,Baltimore
2020-04-07,Blueprints,Creature Robot Arms Blueprint,12,5,60,cbaylessm3@mayoclinic.com,Charleston
2020-04-08,eBooks,Photograph Drones,14.99,6,89.94,aanfussojg@t-online.de,Cedar Rapids
2020-04-09,Training Videos,Industrial 3D Printing,49,5,245,bwhetsonio@amazon.de,Rochester
2020-04-09,eBooks,GPS Drones,19.99,3,59.97,gshandq@un.org,Saint Petersburg
2020-04-09,Robots,RWW-75 Robot,883,2,1766,nsexceyar@state.tx.us,Saginaw
2020-04-09,Drone Kits,BYOD-350,89.95,3,269.85,smahomet19@thetimes.co.uk,Louisville
2020-04-09,eBooks,Cartesian Robots,12.99,5,64.95,atrenfieldf6@nba.com,Boston
2020-04-10,Drone Kits,BYOD-500,167,2,334,eanfonsipu@wunderground.com,Orlando
2020-04-10,Drone Kits,BYOD-500,167,3,501,sblunsdenkd@geocities.jp,Fort Wayne
2020-04-10,Training Videos,AI for Educators,49.95,3,149.85000000000002,jjackwaysgw@wiley.com,Jamaica
2020-04-10,eBooks,Helicopter Drones,20.95,4,83.8,vilyinskioe@amazonaws.com,Oklahoma City
2020-04-10,Blueprints,Ladybug Robot Blueprint,12,4,48,kessamehc@github.com,Dallas
2020-04-11,eBooks,Articulated Robots,23.99,5,119.94999999999999,cmayworthi2@time.com,Juneau
2020-04-11,eBooks,Delta Robots,16.99,4,67.96,mtarrjp@theglobeandmail.com,Miami
2020-04-11,Robots,RCB-889 Robot,549,2,1098,jramsbothamly@pagesperso-orange.fr,Topeka
2020-04-11,eBooks,Delta Robots,16.99,3,50.97,jconibereae@disqus.com,Wichita
2020-04-12,eBooks,Building Your First Robot,24.95,2,49.9,mroderickm4@gizmodo.com,Saint Louis
2020-04-13,Training Videos,Mapping with Drones,49,5,245,bgraceg3@nih.gov,Grand Junction
2020-04-13,eBooks,Drone Building Essentials,13.99,4,55.96,cseear5f@mashable.com,Akron
2020-04-13,Robots,MICR-23K Robot,899,3,2697,imackeoghhh@foxnews.com,Washington
2020-04-14,Drone Kits,BYOD-220,69,5,345,kgeneryda@howstuffworks.com,Louisville
2020-04-14,Robots,RWW-75 Robot,883,4,3532,lhasarddw@instagram.com,Roanoke
2020-04-14,Drone Kits,BYOD-350,89.95,5,449.75,vmoretonpv@google.co.jp,Las Vegas
2020-04-14,Drones,MICR-564K Drone,499,4,1996,awalsh6a@mit.edu,Winston Salem
2020-04-15,Blueprints,Hexacopter Drone Blueprint,8.99,4,35.96,wboncorenr@so-net.ne.jp,Wilmington
2020-04-15,eBooks,Delta Robots,16.99,3,50.97,crankingmd@shareasale.com,Sacramento
2020-04-16,Robots,RCB-889 Robot,549,4,2196,fmussarede6@bbc.co.uk,Pompano Beach
2020-04-16,Robot Kits,BYOR-1500,189,2,378,gcruftsg0@fda.gov,Fresno
2020-04-16,eBooks,Drone Building Essentials,13.99,3,41.97,bwansburyfy@cbsnews.com,Manchester
2020-04-16,Training Videos,Aerial Security,36.99,3,110.97,wconybearoy@webnode.com,Austin
2020-04-16,Blueprints,Ladybug Robot Blueprint,12,5,60,cartist90@theatlantic.com,Columbia
2020-04-16,eBooks,Delivery Drones,14.99,1,14.99,ucrosier1e@go.com,Los Angeles
2020-04-17,Robot Kits,BYOR-4005,245,3,735,ebrucejk@ftc.gov,Flushing
2020-04-17,Blueprints,All Eyes Drone Blueprint,9.99,5,49.95,nshillabeerle@skype.com,Atlanta
2020-04-17,Training Videos,Understanding Automation,44.95,3,134.85000000000002,akleinmintz3g@xing.com,Littleton
2020-04-17,Blueprints,Panda Robot Blueprint,7.99,2,15.98,bwybrowgy@multiply.com,Washington
2020-04-18,Training Videos,AI for Educators,49.95,3,149.85000000000002,jdallisongf@foxnews.com,New Orleans
2020-04-18,eBooks,Building Your First Robot,24.95,3,74.85,wdenmead7q@go.com,New Orleans
2020-04-18,Robot Kits,BYOR-4005,245,3,735,aaveyl7@disqus.com,Pittsburgh
2020-04-19,Training Videos,AI for Educators,49.95,5,249.75,vbuttrey4a@earthlink.net,San Antonio
2020-04-19,Drone Kits,BYOD-500,167,1,167,lwakeforda@reuters.com,Greenville
2020-04-20,eBooks,GPS Drones,19.99,3,59.97,ctierney4p@myspace.com,Washington
2020-04-20,eBooks,Helicopter Drones,20.95,4,83.8,hburdfd@wired.com,Brooklyn
2020-04-20,Drone Kits,BYOD-300,89,6,534,dhaddy14@slate.com,Wichita
2020-04-20,Drone Kits,BYOD-500,167,5,835,lpilleyi2@moonfruit.com,Charlottesville
2020-04-20,eBooks,Photograph Drones,14.99,3,44.97,rpittsel@t.co,Savannah
2020-04-21,eBooks,Polar Robots,23.99,3,71.97,bvanshinjo@forbes.com,Tulsa
2020-04-21,Drones,DA-SA702 Drone,399,3,1197,kmaccawley56@japanpost.jp,Boise
2020-04-21,Robot Kits,BYOR-1500,189,1,189,eblackader1@timesonline.co.uk,Stockton
2020-04-22,Robot Kits,BYOR-3535,225,2,450,bcawsbyol@economist.com,Washington
2020-04-22,Drones,DTD-7000 Drone,450,2,900,epondei9@1688.com,Port Washington
2020-04-22,eBooks,Building Your First Robot,24.95,3,74.85,mbodessondq@admin.ch,Rochester
2020-04-23,eBooks,Building Your Own Drone,24.99,1,24.99,pmcterlaghct@joomla.org,Fresno
2020-04-23,Training Videos,Open Source Code,32.95,5,164.75,gwitherdon8m@ow.ly,Norman
2020-04-23,Robots,MICR-23K Robot,899,2,1798,erawlisonnz@umn.edu,Philadelphia
2020-04-24,Drones,DA-SA702 Drone,399,5,1995,jcrofts3q@howstuffworks.com,Young America
2020-04-24,Blueprints,Panda Robot Blueprint,7.99,5,39.95,ymayzebv@gravatar.com,Ridgely
2020-04-24,Blueprints,Ladybug Robot Blueprint,12,3,36,rduryd9@scientificamerican.com,Milwaukee
2020-04-24,eBooks,RTF Drones,16.99,5,84.949999999999989,bbluesnx@scientificamerican.com,Springfield
2020-04-25,eBooks,Delta Robots,16.99,3,50.97,cklugerlg@sfgate.com,San Diego
2020-04-25,eBooks,Cartesian Robots,12.99,3,38.97,jgell7c@miibeian.gov.cn,Sacramento
2020-04-25,Blueprints,All Eyes Drone Blueprint,9.99,4,39.96,rcullip99@hubpages.com,Seattle
2020-04-25,Robots,MICR-23K Robot,899,5,4495,nguionk1@artisteer.com,Sacramento
2020-04-25,Robots,RXW-9807 Robot,599,3,1797,llespercx@com.com,Des Moines
2020-04-25,Training Videos,Understanding Raspberry PI,28.99,4,115.96,bfroomq@acquirethisname.com,Salt Lake City
2020-04-25,Blueprints,Bsquare Robot Blueprint,8.99,2,17.98,bhaycock23@kickstarter.com,Sioux Falls
2020-04-26,eBooks,Fixed Wing Drones,15.5,4,62,rranyelld5n@msn.com,Oxnard
2020-04-26,Training Videos,Understanding 3D Printing,42.99,3,128.97,gballendined2@trellian.com,Decatur
2020-04-26,Drones,DTI-84 Drone,455,4,1820,nmariyushkinp6@instagram.com,Louisville
2020-04-27,Blueprints,All Eyes Drone Blueprint,9.99,4,39.96,wkilcullenij@canalblog.com,Lancaster
2020-04-28,Blueprints,Sleepy Eye Blueprint,11.99,2,23.98,dmckinlayoj@google.fr,Los Angeles
2020-04-28,eBooks,SCARA Robots,19.5,4,78,woxleemg@europa.eu,Miami
2020-04-29,eBooks,Helicopter Drones,20.95,5,104.75,dchoudhury7a@yale.edu,Seattle
2020-04-29,Training Videos,Mapping with Drones,49,3,147,lhydermu@microsoft.com,Oakland
2020-04-29,Blueprints,Ladybug Robot Blueprint,12,6,72,tpavlovnh@nps.gov,Pasadena
2020-04-29,Robot Kits,BYOR-2640S,189,3,567,ktwallinin@berkeley.edu,Falls Church
2020-04-29,eBooks,SCARA Robots,19.5,2,39,ptomeod@cpanel.net,Amarillo
2020-04-30,Training Videos,Aerial Security,36.99,6,221.94,tfernhk@trellian.com,Seattle
2020-04-30,Blueprints,Cat Robot Blueprint,4.99,5,24.950000000000003,afullagarpv@tamu.edu,Schaumburg
2020-04-30,eBooks,SCARA Robots,19.5,4,78,rhankey71@jigsy.com,Saint Louis
2020-04-30,Robots,RQTE-554 Robot,684,3,2052,ploryf4@slideshare.net,Omaha
2020-04-30,Robot Kits,BYOR-4005,245,3,735,lfromonte9@de.vu,Birmingham
2020-05-01,Blueprints,Sleepy Eye Blueprint,11.99,2,23.98,vpurveykv@w3.org,Portland
2020-05-01,Drone Kits,BYOD-500,167,2,334,mkeysp4@gizmodo.com,San Bernardino
2020-05-02,Drones,DTI-84 Drone,455,2,910,samblerrf@dagondesign.com,Pittsburgh
2020-05-03,eBooks,Understanding Arduino,17.5,4,70,smcfarlan7b@chronoengine.com,Orlando
2020-05-03,Blueprints,Sleepy Eye Blueprint,11.99,2,23.98,dshelborne6w@4shared.com,Columbus
2020-05-03,Blueprints,Creature Robot Arms Blueprint,12,2,24,coaks1g@gravatar.com,San Bernardino
2020-05-03,Blueprints,Hexacopter Drone Blueprint,8.99,2,17.98,relderedmw@hubpages.com,Akron
2020-05-04,Drone Kits,BYOD-400S,129.95,4,519.8,bwybrowgy@multiply.com,Washington
2020-05-04,Drone Kits,BYOD-220,69,4,276,tlynock21@wunderground.com,Chico
2020-05-04,Drone Kits,BYOD-200,58.95,2,117.9,kmarshfieldcs@jiathis.com,Davenport
2020-05-04,Blueprints,Hexacopter Drone Blueprint,8.99,4,35.96,astrikei9@opensource.org,Philadelphia
2020-05-04,Blueprints,Hexacopter Drone Blueprint,8.99,6,53.94,mbraunstonn3@histats.com,Brooklyn
2020-05-04,Drones,DA-SA702 Drone,399,2,798,cbunnellma@google.nl,Memphis
2020-05-05,eBooks,Spherical Robots,16.75,3,50.25,gnewlandsc8@discuz.net,El Paso
2020-05-05,Training Videos,Mapping with Drones,49,2,98,dnockb7@ycombinator.com,Austin
2020-05-05,eBooks,Drone Building Essentials,13.99,5,69.95,ulogsdale5w@joomla.org,Memphis
2020-05-05,Training Videos,Understanding 3D Printing,42.99,3,128.97,mplewmano7@woothemes.com,Schenectady
2020-05-06,Blueprints,QuadroCopter Blueprint,10.99,1,10.99,bbowering7w@buzzfeed.com,Brooklyn
2020-05-06,Blueprints,All Eyes Drone Blueprint,9.99,2,19.98,ysabathe34@wired.com,Huntington
2020-05-06,Training Videos,Understanding 3D Printing,42.99,5,214.95000000000002,sbattellj4@soundcloud.com,San Antonio
2020-05-06,Blueprints,Sleepy Eye Blueprint,11.99,4,47.96,shasnip86@qq.com,Tucson
2020-05-07,Blueprints,Ladybug Robot Blueprint,12,2,24,vcosteb2@umn.edu,Grand Rapids
2020-05-07,eBooks,Polar Robots,23.99,3,71.97,velvidgeid@thetimes.co.uk,Houston
2020-05-07,Drone Kits,BYOD-500,167,5,835,zpoolmaniz@linkedin.com,Fargo
2020-05-07,Drone Kits,BYOD-220,69,2,138,tcharette2c@google.com.br,Akron
2020-05-07,Training Videos,Drone Video Techniques,37.99,2,75.98,civeslf@sina.com.cn,Albuquerque
2020-05-08,Blueprints,Hexacopter Drone Blueprint,8.99,2,17.98,nduplain50@stanford.edu,Corpus Christi
2020-05-08,Training Videos,Robotic Essentials,34.99,3,104.97,asouthallg@sohu.com,Daytona Beach
2020-05-08,Robots,RLK-9920 Robot,699,5,3495,bpettisallnx@usatoday.com,San Antonio
2020-05-08,eBooks,Helicopter Drones,20.95,4,83.8,hinsworthi8@miibeian.gov.cn,Atlanta
2020-05-08,eBooks,GPS Drones,19.99,4,79.96,babrahamssonje@twitter.com,Philadelphia
2020-05-08,Drone Kits,BYOD-550,179,1,179,lmciverr0@linkedin.com,Lehigh Acres
2020-05-08,Blueprints,QuadroCopter Blueprint,10.99,5,54.95,myitzhakl5@stumbleupon.com,Philadelphia
2020-05-08,Blueprints,QuadroCopter Blueprint,10.99,3,32.97,emergue9q@nhs.uk,Greensboro
2020-05-08,Drones,DX-145 Drone,250,1,250,rechalier4o@hexun.com,Los Angeles
2020-05-08,Blueprints,All Eyes Drone Blueprint,9.99,3,29.97,dstanden3u@zdnet.com,Roanoke
2020-05-09,Drones,DTD-7000 Drone,450,3,1350,enardipv@networkadvertising.org,Cape Coral
2020-05-09,Blueprints,Sleepy Eye Blueprint,11.99,3,35.97,hdarwentx@csmonitor.com,Arlington
2020-05-09,eBooks,RTF Drones,16.99,4,67.96,maldenr@g.co,New Orleans
2020-05-09,Robot Kits,BYOR-3000,214,5,1070,kcoytenm@bandcamp.com,Philadelphia
2020-05-09,Robot Kits,BYOR-2640S,189,2,378,crohfsenoz@umn.edu,Lakeland
2020-05-09,Blueprints,QuadroCopter Blueprint,10.99,4,43.96,tspavon3q@tumblr.com,Chicago
2020-05-09,eBooks,RTF Drones,16.99,3,50.97,jjackwaysgw@wiley.com,Jamaica
2020-05-09,Blueprints,Hexacopter Drone Blueprint,8.99,2,17.98,bdecourcy5n@blogspot.com,Mobile
2020-05-09,Blueprints,Sleepy Eye Blueprint,11.99,2,23.98,tjanissondo@oakley.com,Tuscaloosa
2020-05-09,Drones,DTD-7000 Drone,450,3,1350,rranyelld5n@msn.com,Oxnard
2020-05-10,Training Videos,Drone Video Techniques,37.99,2,75.98,bstichelom@adobe.com,Garland
2020-05-10,Drones,MICR-564K Drone,499,6,2994,byitzhokgq@blogtalkradio.com,Albany
2020-05-10,eBooks,Spherical Robots,16.75,3,50.25,crenonny@webeden.co.uk,Miami
2020-05-10,Robot Kits,BYOR-3535,225,5,1125,ibastock3e@noaa.gov,Alexandria
2020-05-11,Training Videos,Cloud Computing,29.99,2,59.98,isorohr@symantec.com,Sioux Falls
2020-05-11,eBooks,Understanding Arduino,17.5,3,52.5,ravardff@yelp.com,Oakland
2020-05-11,eBooks,SCARA Robots,19.5,3,58.5,apomphreyi1@narod.ru,Tucson
2020-05-11,Blueprints,Creature Robot Arms Blueprint,12,3,36,pcubuzzi4z@studiopress.com,Schenectady
2020-05-11,Training Videos,Mapping with Drones,49,2,98,jhectores@geocities.com,Fresno
2020-05-12,Drone Kits,BYOD-200,58.95,3,176.85000000000002,yalthrop8n@google.co.jp,Milwaukee
2020-05-12,eBooks,Delta Robots,16.99,3,50.97,ttrowel3@joomla.org,Hagerstown
2020-05-12,Training Videos,Open Source Code,32.95,4,131.8,rtuxwellip@squidoo.com,Chicago
2020-05-13,eBooks,Photograph Drones,14.99,5,74.95,ssheerj@photobucket.com,Tampa
2020-05-13,Robot Kits,BYOR-1500,189,1,189,mnurdinku@nydailynews.com,Roanoke
2020-05-13,Training Videos,Open Source Code,32.95,4,131.8,gscandretta4@printfriendly.com,Lexington
2020-05-13,Drone Kits,BYOD-100,54,3,162,jyerbornfe@tumblr.com,Bronx
2020-05-13,Blueprints,Hexacopter Drone Blueprint,8.99,2,17.98,cdavydochkini3@google.com.hk,Washington
2020-05-13,Robots,RCB-889 Robot,549,4,2196,niglesia2s@stumbleupon.com,Prescott
2020-05-13,eBooks,Delta Robots,16.99,5,84.949999999999989,cdroghanpg@over-blog.com,Tacoma
2020-05-14,Robots,RLK-9920 Robot,699,3,2097,hdonaldsonnr@myspace.com,Springfield
2020-05-14,Blueprints,QuadroCopter Blueprint,10.99,2,21.98,lfromonte9@de.vu,Birmingham
2020-05-14,Training Videos,Understanding Drone Regulations,27.5,1,27.5,thamil87@telegraph.co.uk,Detroit
2020-05-14,Drones,MICR-564K Drone,499,1,499,pjermeyqp@hugedomains.com,Santa Fe
2020-05-14,eBooks,Spherical Robots,16.75,4,67,fsline8d@marketwatch.com,Atlanta
2020-05-14,Robot Kits,BYOR-3000,214,2,428,gbrettlehs@sciencedaily.com,Washington
2020-05-14,Drone Kits,BYOD-400,119,5,595,kbolingbrokeq1@posterous.com,Springfield
2020-05-15,Training Videos,Robotic Essentials,34.99,4,139.96,bdecourcy5n@blogspot.com,Mobile
2020-05-15,eBooks,Photograph Drones,14.99,5,74.95,wlyness2x@twitpic.com,San Diego
2020-05-15,Blueprints,All Eyes Drone Blueprint,9.99,3,29.97,jnizet22@multiply.com,Dearborn
2020-05-15,Robot Kits,BYOR-3535,225,2,450,dmeaddowcrofth8@meetup.com,Tacoma
2020-05-16,Robots,RCB-889 Robot,549,3,1647,kdejf@trellian.com,Cincinnati
2020-05-16,Drones,DC-304 Drone,395,4,1580,shannafordmz@sciencedirect.com,Fort Wayne
2020-05-16,Drones,DA-SA702 Drone,399,6,2394,bpetheridged7@aboutads.info,Warren
2020-05-16,Training Videos,Mapping with Drones,49,3,147,lcotaeq@prweb.com,Oakland
2020-05-16,Drone Kits,BYOD-550,179,5,895,ebyrdcf@twitter.com,Oklahoma City
2020-05-16,Drone Kits,BYOD-100,54,3,162,cstanionpm@photobucket.com,Hampton
2020-05-17,Drones,DTI-84 Drone,455,5,2275,ldibb9h@huffingtonpost.com,Hartford
2020-05-17,Drone Kits,BYOD-200,58.95,3,176.85000000000002,bfroomq@acquirethisname.com,Salt Lake City
2020-05-17,Training Videos,Open Source Code,32.95,4,131.8,jjohnesgq@ca.gov,North Port
2020-05-17,Training Videos,Drone Video Techniques,37.99,5,189.95000000000002,wgiacubokb@twitter.com,Reno
2020-05-17,Blueprints,Sleepy Eye Blueprint,11.99,4,47.96,mdowningi@creativecommons.org,Phoenix
2020-05-17,eBooks,Understanding Arduino,17.5,5,87.5,cnenolz@mediafire.com,Aurora
2020-05-17,Drone Kits,BYOD-550,179,2,358,ehightown7@free.fr,Chicago
2020-05-18,eBooks,RTF Drones,16.99,3,50.97,larnaudonqm@uol.com.br,Denver
2020-05-18,Blueprints,Sleepy Eye Blueprint,11.99,3,35.97,areckkc@blogspot.com,San Diego
2020-05-18,Training Videos,Understanding Raspberry PI,28.99,3,86.97,ctuplingcx@cornell.edu,Saint Paul
2020-05-18,Robots,RLK-9920 Robot,699,6,4194,jsimonsence@vimeo.com,Silver Spring
2020-05-19,Drones,DTD-7000 Drone,450,4,1800,wrowlstone4z@google.nl,White Plains
2020-05-19,Drone Kits,BYOD-400,119,1,119,dwhitlandrr@w3.org,Las Vegas
2020-05-19,Blueprints,QuadroCopter Blueprint,10.99,3,32.97,rshielcz@photobucket.com,Brooklyn
2020-05-19,Drone Kits,BYOD-100,54,3,162,dsollettq0@1und1.de,Richmond
2020-05-19,Training Videos,AI for Educators,49.95,4,199.8,iwasielaal@amazon.co.jp,Houston
2020-05-19,Drones,DTE-QFN20 Drone,250,2,500,smahomet19@thetimes.co.uk,Louisville
2020-05-19,Robots,RQTE-554 Robot,684,5,3420,cpriestnalli5@japanpost.jp,Denton
2020-05-19,Drones,MICR-564K Drone,499,3,1497,fbendle6o@cbc.ca,Dallas
2020-05-19,Training Videos,Cloud Computing,29.99,2,59.98,kpieterg1@hibu.com,Young America
2020-05-20,eBooks,Multi Rotor Drones,24.95,5,124.75,callderhy@oaic.gov.au,Springfield
2020-05-20,Blueprints,Sleepy Eye Blueprint,11.99,4,47.96,bissonrn@wufoo.com,Minneapolis
2020-05-20,Drones,MICR-564K Drone,499,5,2495,gdaspark4@unesco.org,Birmingham
2020-05-20,eBooks,Polar Robots,23.99,6,143.94,gmacenzy8g@constantcontact.com,Springfield
2020-05-20,Robot Kits,BYOR-1000,189,3,567,bmcconigalrm@si.edu,Peoria
2020-05-20,Robots,RCB-889 Robot,549,5,2745,mjanicki6y@amazon.co.uk,Lubbock
2020-05-21,Robots,RCB-889 Robot,549,2,1098,sbowlerz@diigo.com,El Paso
2020-05-21,Robot Kits,BYOR-1000,189,5,945,ddrysdalej8@ucoz.com,Greenville
2020-05-21,Training Videos,AI for Educators,49.95,1,49.95,rcouplandgz@google.com.br,San Antonio
2020-05-21,Drone Kits,BYOD-300,89,6,534,jdowlingn3@google.it,Saginaw
2020-05-21,Blueprints,Sleepy Eye Blueprint,11.99,4,47.96,akelwaybamber47@pinterest.com,Boca Raton
2020-05-22,Blueprints,Hexacopter Drone Blueprint,8.99,4,35.96,dchoudhury7a@yale.edu,Seattle
2020-05-22,eBooks,Cartesian Robots,12.99,3,38.97,klemasneyga@cpanel.net,Charleston
2020-05-22,eBooks,Understanding Artificial Intelligence,19.5,1,19.5,rmccandless5r@ameblo.jp,El Paso
2020-05-22,Training Videos,Drone Video Techniques,37.99,2,75.98,adallowaygg@mozilla.com,Green Bay
2020-05-23,Training Videos,Robotic Essentials,34.99,3,104.97,owalshjg@si.edu,Chicago
2020-05-23,Training Videos,Understanding Automation,44.95,2,89.9,nle6u@nbcnews.com,Wichita
2020-05-23,Drones,DTE-QFN20 Drone,250,2,500,kclericoatesko@engadget.com,Youngstown
2020-05-23,Drones,DX-145 Drone,250,4,1000,nmotherwello3@istockphoto.com,Atlanta
2020-05-23,Training Videos,AI for Educators,49.95,1,49.95,rslocombbh@wunderground.com,Appleton
2020-05-24,Robots,RCB-889 Robot,549,2,1098,psherrottp2@e-recht24.de,Newark
2020-05-24,Drone Kits,BYOD-350,89.95,2,179.9,dhachette2u@gizmodo.com,Madison
2020-05-24,Drone Kits,BYOD-400S,129.95,1,129.95,ogottschalk7l@vinaora.com,Minneapolis
2020-05-24,Drone Kits,BYOD-350,89.95,4,359.8,dlinzee4e@wsj.com,Tacoma
2020-05-24,eBooks,Fixed Wing Drones,15.5,4,62,fmussarede6@bbc.co.uk,Pompano Beach
2020-05-25,Training Videos,Industrial 3D Printing,49,5,245,mvasiclp@sourceforge.net,Saint Petersburg
2020-05-25,Robots,RCB-889 Robot,549,4,2196,jrosgenpy@marriott.com,Philadelphia
2020-05-25,Drone Kits,BYOD-400S,129.95,1,129.95,rcouplandgz@google.com.br,San Antonio
2020-05-26,Drone Kits,BYOD-400S,129.95,5,649.75,dhakey77@businessinsider.com,Norfolk
2020-05-26,Drone Kits,BYOD-220,69,3,207,ssein9u@unesco.org,Omaha
2020-05-26,eBooks,Understanding Artificial Intelligence,19.5,4,78,tsailoro4@barnesandnoble.com,Las Vegas
2020-05-26,eBooks,Delta Robots,16.99,3,50.97,kkingwell2k@sphinn.com,Wichita Falls
2020-05-26,Blueprints,Sleepy Eye Blueprint,11.99,3,35.97,ehynardgc@slashdot.org,Hamilton
2020-05-26,eBooks,Building Your First Robot,24.95,4,99.8,wgaveltonepz@hud.gov,Memphis
2020-05-27,eBooks,Drone Building Essentials,13.99,3,41.97,dtauntond0@about.me,San Francisco
2020-05-27,Robot Kits,BYOR-3535,225,5,1125,hbutlinaa@whitehouse.gov,Jefferson City
2020-05-27,Drones,MICR-564K Drone,499,2,998,mpatey9h@barnesandnoble.com,San Jose
2020-05-27,Drone Kits,BYOD-500,167,4,668,cfrerehs@upenn.edu,Richmond
2020-05-28,Drone Kits,BYOD-200,58.95,4,235.8,vcosteb2@umn.edu,Grand Rapids
2020-05-28,Training Videos,Aerial Security,36.99,5,184.95000000000002,nshaw9u@craigslist.org,Arlington
2020-05-28,Robot Kits,BYOR-1000,189,3,567,dhenlonc2@blogs.com,Denver
2020-05-28,eBooks,Understanding Arduino,17.5,4,70,jnewlinq9@admin.ch,Jackson
2020-05-29,Training Videos,Drone Video Techniques,37.99,3,113.97,jhamblington1j@omniture.com,Macon
2020-05-29,Drones,DTE-QFN20 Drone,250,3,750,lthumanno7@sakura.ne.jp,East Saint Louis
2020-05-29,eBooks,Building Your Own Drone,24.99,5,124.94999999999999,wellinghamho@npr.org,Buffalo
2020-05-29,eBooks,Understanding Arduino,17.5,4,70,rbulstrodel4@noaa.gov,Minneapolis
2020-05-29,Training Videos,Robotic Essentials,34.99,3,104.97,tcoytesas@technorati.com,Monticello
2020-05-30,Blueprints,Bsquare Robot Blueprint,8.99,4,35.96,whalgarth13@bloomberg.com,Albany
2020-05-30,Robot Kits,BYOR-4005,245,3,735,gsprulli4@angelfire.com,Mobile
2020-05-30,Drones,DTI-84 Drone,455,4,1820,krumford8a@wikia.com,Indianapolis
2020-05-30,eBooks,Building Your Own Drone,24.99,2,49.98,dhachette2u@gizmodo.com,Madison
2020-05-30,Training Videos,Open Source Code,32.95,4,131.8,kgarroldqn@blogtalkradio.com,Evansville
2020-05-30,Drones,DA-SA702 Drone,399,2,798,fuebeli@army.mil,Lima
2020-05-30,Drone Kits,BYOD-350,89.95,4,359.8,hgoslindk@live.com,San Jose
2020-05-30,Drones,DTI-84 Drone,455,5,2275,agouldthorpegr@virginia.edu,Lees Summit
2020-05-30,Drones,DC-304 Drone,395,2,790,pwaylett1r@nymag.com,Glendale
2020-05-31,Training Videos,Mapping with Drones,49,5,245,kbanbridgehl@shop-pro.jp,Miami
2020-05-31,Robots,RCB-889 Robot,549,4,2196,ngruczkara@google.it,Flint
2020-05-31,eBooks,RTF Drones,16.99,4,67.96,clanneyiu@imdb.com,Canton
2020-05-31,Training Videos,Virtual Reality Basics,29.99,4,119.96,afullagarpv@tamu.edu,Schaumburg
2020-06-01,Drone Kits,BYOD-550,179,3,537,ssabbatier5w@mediafire.com,Rochester
2020-06-01,eBooks,Fixed Wing Drones,15.5,5,77.5,nyersonp5@mlb.com,Lafayette
2020-06-01,Robot Kits,BYOR-2640S,189,2,378,jwoodiercp@netlog.com,Saint Petersburg
2020-06-01,Drone Kits,BYOD-350,89.95,5,449.75,bleek@creativecommons.org,Memphis
2020-06-01,Blueprints,Bsquare Robot Blueprint,8.99,3,26.97,cansty8j@oaic.gov.au,Jacksonville
2020-06-02,Robots,MICR-23K Robot,899,1,899,hstainfieldqj@163.com,Memphis
2020-06-02,Drone Kits,BYOD-200,58.95,2,117.9,gbrunigesq5@soup.io,Winston Salem
2020-06-02,Drones,DTE-QFN20 Drone,250,4,1000,jcleatonh1@bandcamp.com,New York City
2020-06-02,Robots,RQTE-554 Robot,684,3,2052,hdarwentx@csmonitor.com,Arlington
2020-06-02,Drone Kits,BYOD-550,179,5,895,cmcgaherncd@ucoz.ru,Minneapolis
2020-06-02,Blueprints,QuadroCopter Blueprint,10.99,4,43.96,dotteyf0@scribd.com,Aiken
2020-06-02,Training Videos,Understanding Raspberry PI,28.99,3,86.97,ecasaleql@nhs.uk,New Orleans
2020-06-02,Training Videos,AI for Educators,49.95,1,49.95,cperrittov@homestead.com,Atlanta
2020-06-02,Training Videos,Understanding Automation,44.95,4,179.8,tstockings94@opera.com,Flint
2020-06-02,eBooks,Cartesian Robots,12.99,4,51.96,estafffz@ehow.com,Honolulu
2020-06-02,Training Videos,Virtual Reality Basics,29.99,2,59.98,swinear7e@reddit.com,Valley Forge
2020-06-03,Training Videos,Understanding Automation,44.95,1,44.95,sdixceekl@vkontakte.ru,Lafayette
2020-06-03,eBooks,Delivery Drones,14.99,4,59.96,akelwaybamber47@pinterest.com,Boca Raton
2020-06-03,Blueprints,Ladybug Robot Blueprint,12,5,60,wgobeauk5@un.org,Reno
2020-06-03,eBooks,Photograph Drones,14.99,4,59.96,dperellihx@dagondesign.com,Fairbanks
2020-06-04,eBooks,Drone Building Essentials,13.99,5,69.95,acristoferid8@bigcartel.com,Simi Valley
2020-06-04,Training Videos,Robotic Essentials,34.99,2,69.98,cbaldinjv@berkeley.edu,Washington
2020-06-04,Drone Kits,BYOD-200,58.95,6,353.70000000000005,gkittokf@icq.com,Wichita
2020-06-05,Drone Kits,BYOD-550,179,6,1074,gclaitonrh@marketwatch.com,Portland
2020-06-05,Robot Kits,BYOR-4005,245,6,1470,rcullip99@hubpages.com,Seattle
2020-06-05,eBooks,Building Your Own Drone,24.99,4,99.96,jjordanne@prweb.com,Melbourne
2020-06-05,eBooks,Building Your First Robot,24.95,4,99.8,cnisuis5v@cloudflare.com,Springfield
2020-06-05,eBooks,Multi Rotor Drones,24.95,3,74.85,bchoppencc@goo.gl,Brooklyn
2020-06-06,Drones,DX-145 Drone,250,2,500,candrichukrd@wikimedia.org,Cincinnati
2020-06-06,eBooks,Delta Robots,16.99,3,50.97,rbevirnj@blogspot.com,Houston
2020-06-07,Drone Kits,BYOD-220,69,5,345,fpatesel7u@slideshare.net,Huntington
2020-06-07,eBooks,Photograph Drones,14.99,4,59.96,ocainey6t@simplemachines.org,Woburn
2020-06-07,Robots,RWW-75 Robot,883,3,2649,mknyvettt@spiegel.de,Shawnee Mission
2020-06-07,eBooks,Building Your First Robot,24.95,2,49.9,lmciverr0@linkedin.com,Lehigh Acres
2020-06-07,eBooks,Multi Rotor Drones,24.95,6,149.7,kbolf8z@smh.com.au,Phoenix
2020-06-08,Drones,DTI-84 Drone,455,5,2275,rbrusin2r@comcast.net,Memphis
2020-06-08,Blueprints,Cat Robot Blueprint,4.99,6,29.94,fneate3a@tinyurl.com,Bakersfield
2020-06-08,Training Videos,Understanding 3D Printing,42.99,2,85.98,ysabathe34@wired.com,Huntington
2020-06-08,eBooks,Drone Building Essentials,13.99,5,69.95,mbignall8i@vinaora.com,Sterling
2020-06-09,Training Videos,Drone Video Techniques,37.99,3,113.97,pcoilsrg@cam.ac.uk,Shawnee Mission
2020-06-09,Training Videos,Robotic Essentials,34.99,4,139.96,llespercx@com.com,Des Moines
2020-06-09,eBooks,Fixed Wing Drones,15.5,3,46.5,tschultzeq@thetimes.co.uk,Fort Wayne
2020-06-09,Robots,RQTE-554 Robot,684,6,4104,htresked1@i2i.jp,Sacramento
2020-06-09,Drones,DTI-84 Drone,455,4,1820,hcubberley92@devhub.com,Aurora
2020-06-09,eBooks,Building Your Own Drone,24.99,1,24.99,aabryaw@hibu.com,Long Beach
2020-06-10,eBooks,Drone Building Essentials,13.99,5,69.95,nuppett2w@redcross.org,Boston
2020-06-10,eBooks,Helicopter Drones,20.95,3,62.849999999999994,rwinning5s@buzzfeed.com,Springfield
2020-06-10,Blueprints,Hexacopter Drone Blueprint,8.99,2,17.98,tplowman7y@ucoz.com,Gastonia
2020-06-10,Training Videos,Cloud Computing,29.99,4,119.96,dewbanksf0@google.es,Scranton
2020-06-11,Drone Kits,BYOD-400S,129.95,4,519.8,ejablonskidi@adobe.com,Macon
2020-06-11,eBooks,Articulated Robots,23.99,1,23.99,eporter9k@google.co.uk,Oakland
2020-06-11,eBooks,Delta Robots,16.99,4,67.96,roshieldi@tiny.cc,Bridgeport
2020-06-11,Drone Kits,BYOD-550,179,5,895,cpriestnalli5@japanpost.jp,Denton
2020-06-12,eBooks,Single Rotor Drones,14.99,3,44.97,bmarnerb7@umn.edu,Young America
2020-06-13,eBooks,GPS Drones,19.99,4,79.96,loreillyk9@noaa.gov,Winter Haven
2020-06-13,Robot Kits,BYOR-3000,214,3,642,tettlescg@wikimedia.org,Pasadena
2020-06-13,Training Videos,Aerial Security,36.99,5,184.95000000000002,kmacavaddypj@zdnet.com,Memphis
2020-06-14,Drone Kits,BYOD-350,89.95,2,179.9,pcubuzzi4z@studiopress.com,Schenectady
2020-06-14,Training Videos,Virtual Reality Basics,29.99,6,179.94,llee6@reddit.com,Trenton
2020-06-15,Blueprints,QuadroCopter Blueprint,10.99,2,21.98,nmariyushkinp6@instagram.com,Louisville
2020-06-15,Training Videos,Mapping with Drones,49,3,147,ekenfordqw@amazon.co.jp,Lake Charles
2020-06-15,Robot Kits,BYOR-3535,225,6,1350,hmallowsnk@walmart.com,Cincinnati
2020-06-16,eBooks,Understanding Arduino,17.5,4,70,telloy3x@bigcartel.com,Anchorage
2020-06-16,Drone Kits,BYOD-400S,129.95,3,389.84999999999997,csarvarl6@freewebs.com,Memphis
2020-06-16,Blueprints,Panda Robot Blueprint,7.99,4,31.96,agrzelewskimt@intel.com,Tucson
2020-06-16,Training Videos,Understanding Raspberry PI,28.99,3,86.97,kmeeuskw@csmonitor.com,Erie
2020-06-16,Robot Kits,BYOR-1000,189,3,567,ebyrdcf@twitter.com,Oklahoma City
2020-06-16,Blueprints,Sleepy Eye Blueprint,11.99,4,47.96,nwardropob@netlog.com,Grand Rapids
2020-06-17,Training Videos,Understanding Drone Regulations,27.5,4,110,vfranktonpt@ustream.tv,Baton Rouge
2020-06-17,Training Videos,Understanding Drone Regulations,27.5,6,165,nwardropob@netlog.com,Grand Rapids
2020-06-17,eBooks,GPS Drones,19.99,4,79.96,byerringtonct@intel.com,Ann Arbor
2020-06-18,Robot Kits,BYOR-3000,214,5,1070,jdewiscj@twitter.com,Detroit
2020-06-18,Robot Kits,BYOR-2640S,189,3,567,tpegden7c@google.de,Denver
2020-06-19,Blueprints,Panda Robot Blueprint,7.99,1,7.99,jlinnard3f@plala.or.jp,Nashville
2020-06-19,Drone Kits,BYOD-400S,129.95,4,519.8,tspavon3q@tumblr.com,Chicago
2020-06-19,eBooks,Helicopter Drones,20.95,4,83.8,caddams8p@google.it,Monticello
2020-06-19,Blueprints,Creature Robot Arms Blueprint,12,6,72,cseageev@slate.com,San Diego
2020-06-19,Drone Kits,BYOD-300,89,4,356,kduesbury8d@tripod.com,Seattle
2020-06-19,Drone Kits,BYOD-350,89.95,3,269.85,gbonde90@vimeo.com,San Francisco
2020-06-19,Training Videos,Understanding Raspberry PI,28.99,2,57.98,azappeley@intel.com,Fort Wayne
2020-06-20,Drones,DTI-84 Drone,455,2,910,lchippindallnr@reddit.com,Washington
2020-06-20,Drone Kits,BYOD-220,69,4,276,mshrubsallpf@psu.edu,Louisville
2020-06-20,Training Videos,Understanding Drone Regulations,27.5,2,55,ccorbittif@java.com,Oakland
2020-06-20,Robot Kits,BYOR-2640S,189,3,567,bmayhew81@people.com.cn,Arlington
2020-06-20,eBooks,Single Rotor Drones,14.99,5,74.95,cgentreauj5@ftc.gov,Tulsa
2020-06-21,Drones,DTD-7000 Drone,450,5,2250,mgales3v@123-reg.co.uk,Alhambra
2020-06-21,Drones,DA-SA702 Drone,399,3,1197,sbolgerfn@epa.gov,Sacramento
2020-06-21,Training Videos,Virtual Reality Basics,29.99,1,29.99,ozoellner21@mediafire.com,Peoria
2020-06-22,Drones,DTD-7000 Drone,450,2,900,pmcterlaghct@joomla.org,Fresno
2020-06-22,Robot Kits,BYOR-3535,225,6,1350,ccorderkv@bluehost.com,Farmington
2020-06-22,Drone Kits,BYOD-100,54,5,270,rrings8c@ovh.net,Rockford
2020-06-22,Robots,RQTE-554 Robot,684,4,2736,nfoaleda@nasa.gov,Englewood
2020-06-22,Drone Kits,BYOD-300,89,4,356,cschultca@economist.com,Cincinnati
2020-06-22,eBooks,Single Rotor Drones,14.99,1,14.99,gmackilpatrickrf@utexas.edu,College Station
2020-06-23,eBooks,Delta Robots,16.99,3,50.97,dhaddy14@slate.com,Wichita
2020-06-23,Robot Kits,BYOR-1500,189,4,756,idyson1n@toplist.cz,Plano
2020-06-23,Blueprints,Cat Robot Blueprint,4.99,3,14.97,hfruin38@constantcontact.com,Winston Salem
2020-06-23,Training Videos,Cloud Computing,29.99,2,59.98,rmacdavitt6z@dagondesign.com,Atlanta
2020-06-23,Drone Kits,BYOD-500,167,3,501,rwadelinga6@bloglovin.com,Lexington
2020-06-24,Blueprints,Ladybug Robot Blueprint,12,3,36,goshavlan1c@ow.ly,Saint Louis
2020-06-24,Training Videos,Industrial 3D Printing,49,1,49,jdenney7x@meetup.com,Oklahoma City
2020-06-25,Drone Kits,BYOD-220,69,4,276,pgrigoroni8x@nbcnews.com,Bronx
2020-06-25,Drone Kits,BYOD-350,89.95,5,449.75,ccorderkv@bluehost.com,Farmington
2020-06-25,eBooks,Understanding Arduino,17.5,5,87.5,yharrisck@google.co.jp,Louisville
2020-06-25,Robot Kits,BYOR-3000,214,3,642,wbohlje9@digg.com,Fort Worth
2020-06-25,Blueprints,Bsquare Robot Blueprint,8.99,4,35.96,amatusevichex@pagesperso-orange.fr,Paterson
2020-06-25,Drone Kits,BYOD-500,167,5,835,btoothillfo@ezinearticles.com,Houston
2020-06-25,Robots,MICR-23K Robot,899,4,3596,wspark10@mashable.com,Reston
2020-06-26,Blueprints,Ladybug Robot Blueprint,12,5,60,acorneyoq@uol.com.br,Columbia
2020-06-26,Training Videos,Drone Video Techniques,37.99,6,227.94,sbattellj4@soundcloud.com,San Antonio
2020-06-26,Robots,RCB-889 Robot,549,2,1098,sgildeah4@github.io,Fort Wayne
2020-06-26,Robots,RCB-889 Robot,549,3,1647,tpantonld@51.la,Orlando
2020-06-27,Drone Kits,BYOD-400,119,4,476,ymayzebv@gravatar.com,Ridgely
2020-06-27,Drones,DC-304 Drone,395,4,1580,cdavydochkini3@google.com.hk,Washington
2020-06-27,eBooks,Multi Rotor Drones,24.95,4,99.8,cscarr9m@yahoo.com,Montgomery
2020-06-28,Blueprints,All Eyes Drone Blueprint,9.99,4,39.96,ndemv@skyrock.com,Denver
2020-06-28,Drones,DTI-84 Drone,455,3,1365,bdi6g@aol.com,San Bernardino
2020-06-28,Robot Kits,BYOR-4005,245,4,980,cswanm7@ft.com,Redwood City
2020-06-28,Blueprints,QuadroCopter Blueprint,10.99,4,43.96,rjoannet8r@prnewswire.com,San Antonio
2020-06-28,Blueprints,Hexacopter Drone Blueprint,8.99,3,26.97,masprayr8@shareasale.com,Minneapolis
2020-06-29,Robot Kits,BYOR-1000,189,4,756,jliddleiv@skype.com,Lexington
2020-06-30,Robot Kits,BYOR-2640S,189,5,945,awiddup44@addthis.com,Saint Paul
2020-06-30,eBooks,Delivery Drones,14.99,3,44.97,sdixceekl@vkontakte.ru,Lafayette
2020-06-30,Robots,RWW-75 Robot,883,5,4415,dewbanksf0@google.es,Scranton
2020-07-01,eBooks,Delivery Drones,14.99,5,74.95,shinged4@ustream.tv,Spokane
2020-07-01,Robots,RWW-75 Robot,883,4,3532,bdaniely5s@histats.com,Corpus Christi
2020-07-01,Robot Kits,BYOR-1000,189,3,567,jmilbyft@flavors.me,Roanoke
2020-07-01,Drone Kits,BYOD-200,58.95,4,235.8,aloniep3@pinterest.com,Bellevue
2020-07-01,Drones,DA-SA702 Drone,399,6,2394,btoothillfo@ezinearticles.com,Houston
2020-07-01,Robot Kits,BYOR-1000,189,4,756,lcreagh2h@weather.com,Brea
2020-07-02,Blueprints,Hexacopter Drone Blueprint,8.99,5,44.95,rlargefw@about.com,Berkeley
2020-07-02,eBooks,Drone Building Essentials,13.99,4,55.96,ahawksleea7@hubpages.com,Dayton
2020-07-02,Training Videos,Industrial 3D Printing,49,5,245,cpala1d@mysql.com,Davenport
2020-07-02,eBooks,Polar Robots,23.99,4,95.96,dkeasymh@boston.com,Phoenix
2020-07-02,Blueprints,All Eyes Drone Blueprint,9.99,6,59.94,ipridenn5@cocolog-nifty.com,Atlanta
2020-07-03,eBooks,Spherical Robots,16.75,4,67,mmaccaughanak@plala.or.jp,Madison
2020-07-03,Training Videos,Virtual Reality Basics,29.99,3,89.97,amatusevichex@pagesperso-orange.fr,Paterson
2020-07-03,Drone Kits,BYOD-100,54,6,324,stwintermanbg@e-recht24.de,Atlanta
2020-07-04,Blueprints,Creature Robot Arms Blueprint,12,1,12,dmirrleesnf@sitemeter.com,Newark
2020-07-04,eBooks,Building Your First Robot,24.95,3,74.85,bhrishanokd2@archive.org,Pasadena
2020-07-04,Robots,RCB-889 Robot,549,3,1647,acardegs@ft.com,Baton Rouge
2020-07-04,Drones,DX-145 Drone,250,4,1000,cbristoe99@answers.com,Pittsburgh
2020-07-04,Robots,RLK-9920 Robot,699,3,2097,cdreng8t@bloglines.com,Miami Beach
2020-07-04,Training Videos,Drone Video Techniques,37.99,6,227.94,cespinasn4@nih.gov,Petaluma
2020-07-04,Blueprints,Hexacopter Drone Blueprint,8.99,4,35.96,bhabben33@ftc.gov,San Antonio
2020-07-05,Drones,DC-304 Drone,395,3,1185,callderhy@oaic.gov.au,Springfield
2020-07-05,Blueprints,Sleepy Eye Blueprint,11.99,6,71.94,wfidelerfc@elpais.com,Meridian
2020-07-05,Training Videos,AI for Educators,49.95,2,99.9,wlyness2x@twitpic.com,San Diego
2020-07-05,Training Videos,Drone Video Techniques,37.99,6,227.94,dlafeemx@youtube.com,Inglewood
2020-07-05,eBooks,SCARA Robots,19.5,4,78,tocriane96@flavors.me,Little Rock
2020-07-05,Training Videos,Open Source Code,32.95,3,98.850000000000009,mstygallnb@cisco.com,Amarillo
2020-07-06,eBooks,Drone Building Essentials,13.99,4,55.96,mmerigonaz@go.com,Boynton Beach
2020-07-06,eBooks,Understanding Artificial Intelligence,19.5,4,78,jginley9y@seesaa.net,Dayton
2020-07-06,Drones,DTE-QFN20 Drone,250,3,750,lartheyd6@cnbc.com,Louisville
2020-07-07,eBooks,Spherical Robots,16.75,4,67,ncockettj0@ibm.com,Richmond
2020-07-07,Training Videos,Understanding Raspberry PI,28.99,1,28.99,jpinchen15@behance.net,Birmingham
2020-07-07,Drone Kits,BYOD-300,89,6,534,ahattersleyiy@hao123.com,Omaha
2020-07-08,Drones,DTD-7000 Drone,450,2,900,adinsec8@cam.ac.uk,Simi Valley
2020-07-08,Training Videos,Cloud Computing,29.99,5,149.95,adefrainecw@example.com,Orlando
2020-07-08,Drones,DX-145 Drone,250,3,750,sgallehawkmy@tinyurl.com,Marietta
2020-07-08,Training Videos,Aerial Security,36.99,5,184.95000000000002,fraylton54@fema.gov,Englewood
2020-07-08,eBooks,SCARA Robots,19.5,5,97.5,gmieren4@taobao.com,Nashville
2020-07-08,Training Videos,Drone Video Techniques,37.99,3,113.97,dpabelik52@lulu.com,Jacksonville
2020-07-08,Robot Kits,BYOR-2640S,189,5,945,alawtieeu@networksolutions.com,Buffalo
2020-07-08,Drones,DX-145 Drone,250,5,1250,lpilleyi2@moonfruit.com,Charlottesville
2020-07-08,Training Videos,Cloud Computing,29.99,5,149.95,fpeiser7b@yale.edu,Pocatello
2020-07-08,eBooks,Building Your Own Drone,24.99,3,74.97,javann71@adobe.com,Lakeland
2020-07-09,eBooks,Building Your First Robot,24.95,2,49.9,lstenhousemj@businessweek.com,Everett
2020-07-09,eBooks,Photograph Drones,14.99,4,59.96,pshellshearmk@photobucket.com,Lafayette
2020-07-09,Drones,DTE-QFN20 Drone,250,2,500,aabryaw@hibu.com,Long Beach
2020-07-09,Blueprints,Bsquare Robot Blueprint,8.99,6,53.94,lwhillock3u@woothemes.com,Detroit
2020-07-09,eBooks,Drone Building Essentials,13.99,6,83.94,hcarfflq@freewebs.com,Columbus
2020-07-10,Drone Kits,BYOD-300,89,6,534,rmcfeatgj@skyrock.com,New York City
2020-07-10,Training Videos,Virtual Reality Basics,29.99,5,149.95,lkubatsch2v@tamu.edu,Fort Smith
2020-07-10,eBooks,Single Rotor Drones,14.99,6,89.94,dlinzee4e@wsj.com,Tacoma
2020-07-10,Drone Kits,BYOD-350,89.95,3,269.85,jpaug4@wordpress.org,Miami
2020-07-10,Drone Kits,BYOD-550,179,5,895,aeddisforder@slate.com,Tallahassee
2020-07-10,Drones,MICR-564K Drone,499,2,998,iclimson4j@surveymonkey.com,Kansas City
2020-07-10,Drones,DX-145 Drone,250,3,750,enardipv@networkadvertising.org,Cape Coral
2020-07-10,Blueprints,All Eyes Drone Blueprint,9.99,3,29.97,rhazartc6@hp.com,Jackson
2020-07-11,Drone Kits,BYOD-350,89.95,3,269.85,aabryaw@hibu.com,Long Beach
2020-07-11,eBooks,SCARA Robots,19.5,5,97.5,jby72@ow.ly,Albany
2020-07-11,Blueprints,Creature Robot Arms Blueprint,12,2,24,kkington20@barnesandnoble.com,Dallas
2020-07-11,Drones,MICR-564K Drone,499,3,1497,aroddy41@dmoz.org,Grand Rapids
2020-07-11,Training Videos,AI for Educators,49.95,3,149.85000000000002,fsline8d@marketwatch.com,Atlanta
2020-07-11,eBooks,Building Your First Robot,24.95,4,99.8,sbaglow4r@columbia.edu,Tacoma
2020-07-12,eBooks,Building Your Own Drone,24.99,3,74.97,cslocumlm@constantcontact.com,Dallas
2020-07-12,Robots,RWW-75 Robot,883,1,883,kgiacobazzirc@china.com.cn,Des Moines
2020-07-12,Drones,DA-SA702 Drone,399,2,798,jyerbornfe@tumblr.com,Bronx
2020-07-12,Robot Kits,BYOR-1000,189,5,945,bheditchad@icq.com,Miami
2020-07-12,Drones,DA-SA702 Drone,399,2,798,alucchijb@usda.gov,Houston
2020-07-13,eBooks,Building Your First Robot,24.95,3,74.85,dkunes4g@dyndns.org,Denver
2020-07-13,Training Videos,AI for Educators,49.95,3,149.85000000000002,jdobbinson6o@globo.com,Odessa
2020-07-13,Robot Kits,BYOR-3000,214,2,428,oroyseom@last.fm,Charleston
2020-07-13,Training Videos,Open Source Code,32.95,4,131.8,dsoftleykc@ehow.com,Toledo
2020-07-13,Robots,RQTE-554 Robot,684,2,1368,mtarrjp@theglobeandmail.com,Miami
2020-07-13,Training Videos,Robotic Essentials,34.99,2,69.98,kalasdairce@tmall.com,Chicago
2020-07-14,Training Videos,Robotic Essentials,34.99,5,174.95000000000002,kgiacobazzirc@china.com.cn,Des Moines
2020-07-14,Robot Kits,BYOR-4005,245,3,735,dthomazetc2@merriam-webster.com,Decatur
2020-07-14,Blueprints,Panda Robot Blueprint,7.99,5,39.95,mpirazzig7@about.me,Huntington
2020-07-14,eBooks,Building Your Own Drone,24.99,2,49.98,rblunsom1w@oaic.gov.au,Dallas
2020-07-14,eBooks,Drone Building Essentials,13.99,4,55.96,wurenec@uiuc.edu,Dayton
2020-07-14,Drone Kits,BYOD-300,89,2,178,dtorrecilla46@indiegogo.com,Charlotte
2020-07-15,Blueprints,QuadroCopter Blueprint,10.99,3,32.97,aheeleyna@amazon.co.jp,Springfield
2020-07-15,Drone Kits,BYOD-350,89.95,2,179.9,iashleeqv@tumblr.com,Toledo
2020-07-15,Training Videos,Understanding Raspberry PI,28.99,4,115.96,mbraunstonn3@histats.com,Brooklyn
2020-07-16,Blueprints,Hexacopter Drone Blueprint,8.99,5,44.95,ebaidenb0@mapquest.com,Fort Lauderdale
2020-07-16,Blueprints,Panda Robot Blueprint,7.99,6,47.94,eharmstone9d@unicef.org,College Station
2020-07-17,eBooks,Building Your Own Drone,24.99,4,99.96,jbreagancl@symantec.com,Baton Rouge
2020-07-17,Blueprints,Bsquare Robot Blueprint,8.99,2,17.98,sklausenr8@github.com,Oklahoma City
2020-07-18,eBooks,SCARA Robots,19.5,3,58.5,ovivianhs@umich.edu,Los Angeles
2020-07-18,Training Videos,Virtual Reality Basics,29.99,3,89.97,mbetkepi@goo.gl,Garland
2020-07-18,Training Videos,Understanding 3D Printing,42.99,5,214.95000000000002,ajohananovix@miibeian.gov.cn,Seattle
2020-07-18,Blueprints,Panda Robot Blueprint,7.99,5,39.95,mellskr@chicagotribune.com,San Antonio
2020-07-18,Training Videos,AI for Educators,49.95,3,149.85000000000002,mstygallnb@cisco.com,Amarillo
2020-07-19,Blueprints,Ladybug Robot Blueprint,12,5,60,ccollopoi@delicious.com,Pittsburgh
2020-07-19,Training Videos,Understanding Automation,44.95,2,89.9,ascranny8u@tmall.com,Chicago
2020-07-19,Robots,MICR-23K Robot,899,3,2697,samblerrf@dagondesign.com,Pittsburgh
2020-07-19,Robot Kits,BYOR-1000,189,4,756,vmoretonpv@google.co.jp,Las Vegas
2020-07-19,Blueprints,Cat Robot Blueprint,4.99,6,29.94,aanfussojg@t-online.de,Cedar Rapids
2020-07-20,Training Videos,Robotic Essentials,34.99,3,104.97,eclemenzih0@rediff.com,Great Neck
2020-07-20,eBooks,Drone Building Essentials,13.99,4,55.96,btullisjs@digg.com,Houston
2020-07-20,Drones,DA-SA702 Drone,399,3,1197,jhamblington1j@omniture.com,Macon
2020-07-20,Blueprints,Panda Robot Blueprint,7.99,2,15.98,nbritonax@miibeian.gov.cn,San Jose
2020-07-20,Training Videos,Drone Video Techniques,37.99,4,151.96,thonig4c@google.ru,Maple Plain
2020-07-21,Drones,DX-145 Drone,250,2,500,mghelerdini45@studiopress.com,Dallas
2020-07-21,Training Videos,AI for Educators,49.95,4,199.8,gmasic8k@whitehouse.gov,Greeley
2020-07-21,Drone Kits,BYOD-220,69,4,276,sgildeah4@github.io,Fort Wayne
2020-07-21,Drone Kits,BYOD-100,54,5,270,lholburybk@furl.net,Charlotte
2020-07-21,Robot Kits,BYOR-1500,189,3,567,rprimak91@imageshack.us,Reno
2020-07-21,eBooks,Polar Robots,23.99,5,119.94999999999999,hcuckoooy@nba.com,Washington
2020-07-21,Robot Kits,BYOR-1500,189,4,756,jpaug4@wordpress.org,Miami
2020-07-21,eBooks,Cartesian Robots,12.99,3,38.97,cmayworthi2@time.com,Juneau
2020-07-21,eBooks,Delivery Drones,14.99,2,29.98,jdobby73@ocn.ne.jp,Sacramento
2020-07-22,Robot Kits,BYOR-4005,245,4,980,ajentzschl1@de.vu,Fullerton
2020-07-22,eBooks,Building Your Own Drone,24.99,3,74.97,bmackintoshiu@google.co.jp,Lincoln
2020-07-22,Robot Kits,BYOR-3535,225,6,1350,kwinfindale8t@sciencedaily.com,Houston
2020-07-22,Training Videos,Open Source Code,32.95,5,164.75,kbrewittgf@mac.com,Flint
2020-07-22,Drones,DA-SA702 Drone,399,4,1596,kclericoatesko@engadget.com,Youngstown
2020-07-22,Drones,DTD-7000 Drone,450,4,1800,fmussarede6@bbc.co.uk,Pompano Beach
2020-07-22,Training Videos,Drone Video Techniques,37.99,1,37.99,mcolbornlx@java.com,Canton
2020-07-22,Drones,DTD-7000 Drone,450,3,1350,nduplain50@stanford.edu,Corpus Christi
2020-07-23,eBooks,Multi Rotor Drones,24.95,2,49.9,hcarfflq@freewebs.com,Columbus
2020-07-23,Robots,RXW-9807 Robot,599,5,2995,sgummehu@theguardian.com,Oklahoma City
2020-07-23,Drone Kits,BYOD-100,54,2,108,ameinerrd@google.ca,San Francisco
2020-07-23,Training Videos,Understanding Automation,44.95,4,179.8,kagarnv@mit.edu,Atlanta
2020-07-24,eBooks,Fixed Wing Drones,15.5,2,31,manningh7@nifty.com,Wilmington
2020-07-24,Training Videos,Robotic Essentials,34.99,3,104.97,hgrayling8b@flavors.me,Los Angeles
2020-07-25,Blueprints,Sleepy Eye Blueprint,11.99,5,59.95,rgilbeyat@clickbank.net,Manassas
2020-07-26,Drones,DTI-84 Drone,455,5,2275,gdykes98@prlog.org,Portsmouth
2020-07-26,eBooks,Articulated Robots,23.99,5,119.94999999999999,bsuddock1z@oaic.gov.au,San Diego
2020-07-26,Drones,DC-304 Drone,395,6,2370,dagronskiq9@surveymonkey.com,Clearwater
2020-07-26,Drones,DX-145 Drone,250,1,250,rbagge56@ucla.edu,Saint Paul
2020-07-27,Training Videos,AI for Educators,49.95,1,49.95,rchristoffelw@so-net.ne.jp,Baltimore
2020-07-27,Blueprints,Creature Robot Arms Blueprint,12,5,60,jkleinzweigla@bluehost.com,Chandler
2020-07-28,Robot Kits,BYOR-3000,214,4,856,dbromagem4@tuttocitta.it,Bellevue
2020-07-28,Robots,RQTE-554 Robot,684,2,1368,rscamblernd@dedecms.com,Albuquerque
2020-07-28,eBooks,Photograph Drones,14.99,3,44.97,sbodycotekg@jalbum.net,Oklahoma City
2020-07-28,eBooks,Spherical Robots,16.75,5,83.75,zsarrell9r@jugem.jp,Charlotte
2020-07-29,Blueprints,Sleepy Eye Blueprint,11.99,4,47.96,awoodruffo@techcrunch.com,Rochester
2020-07-29,Robot Kits,BYOR-4005,245,3,735,rkeeling3y@redcross.org,Daytona Beach
2020-07-29,Training Videos,Understanding 3D Printing,42.99,4,171.96,targonttna@indiegogo.com,Washington
2020-07-29,Training Videos,Understanding 3D Printing,42.99,3,128.97,dpiatek2j@printfriendly.com,Rochester
2020-07-29,Blueprints,QuadroCopter Blueprint,10.99,5,54.95,landryseko1@time.com,Washington
2020-07-29,Robots,RXW-9807 Robot,599,6,3594,vkirkhousecy@squidoo.com,Boston
2020-07-29,Training Videos,Understanding 3D Printing,42.99,1,42.99,htrask5m@oaic.gov.au,Phoenix
2020-07-30,Drone Kits,BYOD-400S,129.95,3,389.84999999999997,dtheodoris2s@drupal.org,Albany
2020-07-30,Robots,RCB-889 Robot,549,5,2745,wmacdowalb6@themeforest.net,San Diego
2020-07-30,Drone Kits,BYOD-100,54,4,216,vnemchinovq7@wiley.com,Temple
2020-07-30,Training Videos,Understanding 3D Printing,42.99,4,171.96,bmourant33@bluehost.com,Evansville
2020-07-30,Blueprints,QuadroCopter Blueprint,10.99,2,21.98,bgirardipx@istockphoto.com,Bonita Springs
2020-07-30,Drone Kits,BYOD-500,167,5,835,rvernon5i@dion.ne.jp,Minneapolis
2020-07-31,Robot Kits,BYOR-4005,245,3,735,kgladdolphln@smugmug.com,Decatur
2020-07-31,Drone Kits,BYOD-350,89.95,4,359.8,rrichlyg8@infoseek.co.jp,Miami Beach
2020-07-31,Training Videos,Mapping with Drones,49,2,98,vandrettiro@exblog.jp,Reading
2020-07-31,Robots,RLK-9920 Robot,699,5,3495,rgilbeyat@clickbank.net,Manassas
2020-08-01,Blueprints,Ladybug Robot Blueprint,12,2,24,kduesbury8d@tripod.com,Seattle
2020-08-01,Drones,DTI-84 Drone,455,3,1365,jbrecknockhr@youtube.com,Brooklyn
2020-08-02,Blueprints,Creature Robot Arms Blueprint,12,4,48,bfeenanej@hc360.com,Shreveport
2020-08-02,Drone Kits,BYOD-500,167,3,501,dshalloo5i@redcross.org,Yakima
2020-08-03,Blueprints,Cat Robot Blueprint,4.99,2,9.98,bchittyft@admin.ch,Huntington
2020-08-03,Robot Kits,BYOR-4005,245,4,980,shasnip86@qq.com,Tucson
2020-08-03,Blueprints,Sleepy Eye Blueprint,11.99,2,23.98,swinear7e@reddit.com,Valley Forge
2020-08-03,Drone Kits,BYOD-400S,129.95,3,389.84999999999997,ehamprecht18@dot.gov,Nashville
2020-08-03,eBooks,Delivery Drones,14.99,4,59.96,nguionk1@artisteer.com,Sacramento
2020-08-03,Drones,MICR-564K Drone,499,5,2495,hpeadq5@wikia.com,Denver
2020-08-03,Training Videos,Understanding Drone Regulations,27.5,4,110,fpow1y@mlb.com,Columbus
2020-08-03,Robot Kits,BYOR-3000,214,4,856,dtemplarnm@slideshare.net,Newark
2020-08-03,Blueprints,Hexacopter Drone Blueprint,8.99,3,26.97,sibbsid@furl.net,Pasadena
2020-08-04,Drone Kits,BYOD-500,167,3,501,mtareefc@google.com,Petaluma
2020-08-04,Drone Kits,BYOD-220,69,5,345,mpourvoieure0@weibo.com,Fort Pierce
2020-08-04,eBooks,SCARA Robots,19.5,4,78,rhankey71@jigsy.com,Saint Louis
2020-08-04,eBooks,Spherical Robots,16.75,6,100.5,hdarwentx@csmonitor.com,Arlington
2020-08-04,Drone Kits,BYOD-500,167,5,835,pduboself@photobucket.com,Sioux City
2020-08-05,Drones,DTE-QFN20 Drone,250,4,1000,cvanderson92@vimeo.com,Chicago
2020-08-06,Robots,RXW-9807 Robot,599,1,599,voels7q@virginia.edu,Tucson
2020-08-06,Drones,DA-SA702 Drone,399,2,798,lpolandmi@goodreads.com,Lexington
2020-08-06,eBooks,Photograph Drones,14.99,4,59.96,sdixceekl@vkontakte.ru,Lafayette
2020-08-06,Robot Kits,BYOR-1500,189,2,378,rbarfflh@oracle.com,Houston
2020-08-06,eBooks,Delta Robots,16.99,5,84.949999999999989,byerringtonct@intel.com,Ann Arbor
2020-08-06,Drone Kits,BYOD-400,119,2,238,ematlockrn@xrea.com,Washington
2020-08-07,Robots,RWW-75 Robot,883,5,4415,gkingegn@pinterest.com,Sacramento
2020-08-07,eBooks,Articulated Robots,23.99,4,95.96,gfarranbs@hugedomains.com,Boise
2020-08-07,Robots,RCB-889 Robot,549,2,1098,dkeasymh@boston.com,Phoenix
2020-08-07,eBooks,Multi Rotor Drones,24.95,4,99.8,srisdale6s@purevolume.com,Salt Lake City
2020-08-08,eBooks,Delivery Drones,14.99,6,89.94,sibbisonls@smugmug.com,Bloomington
2020-08-08,eBooks,Spherical Robots,16.75,2,33.5,dvanqq@economist.com,Fort Lauderdale
2020-08-08,Blueprints,Bsquare Robot Blueprint,8.99,5,44.95,iromer51@merriam-webster.com,Wilmington
2020-08-08,Robots,MICR-23K Robot,899,4,3596,mnurdinku@nydailynews.com,Roanoke
2020-08-08,Drones,DTE-QFN20 Drone,250,4,1000,csycea9@reuters.com,Birmingham
2020-08-09,Drones,DC-304 Drone,395,4,1580,kduesbury8d@tripod.com,Seattle
2020-08-09,Robots,MICR-23K Robot,899,2,1798,bwybrowgy@multiply.com,Washington
2020-08-09,Drone Kits,BYOD-300,89,4,356,bhegden7x@scientificamerican.com,Newark
2020-08-09,Blueprints,QuadroCopter Blueprint,10.99,4,43.96,sruberti9l@dion.ne.jp,Phoenix
2020-08-09,Robots,RWW-75 Robot,883,3,2649,krumford8a@wikia.com,Indianapolis
2020-08-10,Drone Kits,BYOD-300,89,3,267,rbaswall9t@topsy.com,Staten Island
2020-08-10,Training Videos,Drone Video Techniques,37.99,3,113.97,fmartinil2@ucoz.ru,Chicago
2020-08-10,Drone Kits,BYOD-400S,129.95,2,259.9,sinstrell7v@newyorker.com,Norwalk
2020-08-10,Robot Kits,BYOR-3535,225,4,900,nmariyushkinp6@instagram.com,Louisville
2020-08-10,Training Videos,Virtual Reality Basics,29.99,3,89.97,torsman16@quantcast.com,Muncie
2020-08-11,Training Videos,Mapping with Drones,49,4,196,rbaswall9t@topsy.com,Staten Island
2020-08-11,Drone Kits,BYOD-200,58.95,4,235.8,clotse8@arizona.edu,Houston
2020-08-11,Robot Kits,BYOR-4005,245,3,735,cmckinstry3g@wired.com,Denver
2020-08-11,eBooks,Single Rotor Drones,14.99,4,59.96,lolfordpj@marriott.com,North Las Vegas
2020-08-11,Drones,DA-SA702 Drone,399,5,1995,fneate3a@tinyurl.com,Bakersfield
2020-08-12,eBooks,Cartesian Robots,12.99,2,25.98,ijohanningrq@t-online.de,Kansas City
2020-08-12,Robot Kits,BYOR-1000,189,2,378,gjirusekby@360.cn,Indianapolis
2020-08-12,eBooks,Delta Robots,16.99,2,33.98,tmariansc4@dmoz.org,Corona
2020-08-13,eBooks,Articulated Robots,23.99,2,47.98,wpickeringii@google.com.hk,Alexandria
2020-08-14,Training Videos,Understanding Drone Regulations,27.5,1,27.5,jaerso5@taobao.com,Reno
2020-08-15,Training Videos,Understanding Drone Regulations,27.5,2,55,hcharlor3@hao123.com,Concord
2020-08-15,Blueprints,Panda Robot Blueprint,7.99,3,23.97,hantonetti31@wix.com,Chattanooga
2020-08-15,Robots,RWW-75 Robot,883,3,2649,gmaclennan8b@businesswire.com,Wilkes Barre
2020-08-15,Drones,DTE-QFN20 Drone,250,5,1250,genochef@networkadvertising.org,Zephyrhills
2020-08-15,eBooks,Understanding Arduino,17.5,5,87.5,mmonnoyercu@deviantart.com,Wilmington
2020-08-15,Robot Kits,BYOR-2640S,189,4,756,wthom74@guardian.co.uk,Kent
2020-08-15,Robot Kits,BYOR-3000,214,3,642,gbaldacchiaj@prnewswire.com,Bronx
2020-08-16,eBooks,SCARA Robots,19.5,1,19.5,tmcquillanl3@nps.gov,Pompano Beach
2020-08-16,Training Videos,Industrial 3D Printing,49,6,294,mscutter9h@skype.com,Newark
2020-08-16,eBooks,GPS Drones,19.99,4,79.96,lchippindallnr@reddit.com,Washington
2020-08-16,Drone Kits,BYOD-400S,129.95,3,389.84999999999997,velvidgeid@thetimes.co.uk,Houston
2020-08-17,Blueprints,Hexacopter Drone Blueprint,8.99,4,35.96,bbarnewille5a@ycombinator.com,Lexington
2020-08-17,Blueprints,Hexacopter Drone Blueprint,8.99,3,26.97,nfulham5t@fda.gov,San Francisco
2020-08-17,Robots,RLK-9920 Robot,699,6,4194,bleek@creativecommons.org,Memphis
2020-08-17,Training Videos,AI for Educators,49.95,3,149.85000000000002,ccaccavellaed@wordpress.org,San Francisco
2020-08-17,Blueprints,All Eyes Drone Blueprint,9.99,4,39.96,sforty6@fc2.com,Worcester
2020-08-17,Robots,RQTE-554 Robot,684,4,2736,gboutell1p@yolasite.com,Woburn
2020-08-17,Drones,DC-304 Drone,395,4,1580,aduberryoq@hugedomains.com,Trenton
2020-08-17,Drone Kits,BYOD-200,58.95,5,294.75,jwileyh2@wordpress.com,Huntington
2020-08-18,Blueprints,Cat Robot Blueprint,4.99,5,24.950000000000003,ibelchem2@webmd.com,Dayton
2020-08-18,Robot Kits,BYOR-4005,245,2,490,cfilipiak68@nbcnews.com,Portsmouth
2020-08-18,Blueprints,Panda Robot Blueprint,7.99,2,15.98,ssteuhlmeyer35@vimeo.com,Albuquerque
2020-08-19,Robots,RCB-889 Robot,549,4,2196,jpaug4@wordpress.org,Miami
2020-08-19,Training Videos,Virtual Reality Basics,29.99,3,89.97,mpourvoieure0@weibo.com,Fort Pierce
2020-08-19,eBooks,Multi Rotor Drones,24.95,4,99.8,csowrahah@opera.com,Bronx
2020-08-19,eBooks,Helicopter Drones,20.95,4,83.8,bdi6g@aol.com,San Bernardino
2020-08-20,Robots,MICR-23K Robot,899,4,3596,tschultzeq@thetimes.co.uk,Fort Wayne
2020-08-20,eBooks,RTF Drones,16.99,4,67.96,abarszczewski6m@github.io,Hartford
2020-08-21,Drone Kits,BYOD-550,179,5,895,lprobeten@youtube.com,Spokane
2020-08-21,Robots,RWW-75 Robot,883,1,883,lhughes8y@qq.com,Phoenix
2020-08-21,Drones,DC-304 Drone,395,3,1185,ocicullonm@dmoz.org,Fort Wayne
2020-08-21,Drone Kits,BYOD-100,54,2,108,doliverpaullmb@vinaora.com,Fort Wayne
2020-08-22,Drones,DA-SA702 Drone,399,5,1995,hwinyardc4@i2i.jp,Saginaw
2020-08-22,Blueprints,Ladybug Robot Blueprint,12,5,60,rarthars3e@mysql.com,Humble
2020-08-22,eBooks,Delta Robots,16.99,3,50.97,wmizzenjm@go.com,Youngstown
2020-08-22,eBooks,Single Rotor Drones,14.99,5,74.95,tcharette2c@google.com.br,Akron
2020-08-22,Drone Kits,BYOD-500,167,4,668,achesnaymo@ebay.com,Battle Creek
2020-08-22,eBooks,Single Rotor Drones,14.99,2,29.98,afullagarpv@tamu.edu,Schaumburg
2020-08-22,eBooks,Polar Robots,23.99,4,95.96,hfaulconerbv@msu.edu,Galveston
2020-08-23,eBooks,Understanding Arduino,17.5,2,35,tzimmerman1p@multiply.com,Lexington
2020-08-24,Drone Kits,BYOD-100,54,4,216,bjentgese8@deliciousdays.com,Buffalo
2020-08-24,Drone Kits,BYOD-200,58.95,4,235.8,fcaseroes@cnet.com,Peoria
2020-08-24,eBooks,RTF Drones,16.99,3,50.97,ulamboll9z@sciencedirect.com,Fresno
2020-08-24,Robot Kits,BYOR-2640S,189,3,567,vhawsii@engadget.com,Sacramento
2020-08-24,Drone Kits,BYOD-350,89.95,4,359.8,rjoannet8r@prnewswire.com,San Antonio
2020-08-24,Drone Kits,BYOD-220,69,4,276,vde2y@sciencedirect.com,Philadelphia
2020-08-24,Robot Kits,BYOR-1000,189,6,1134,rshielcz@photobucket.com,Brooklyn
2020-08-24,Blueprints,Sleepy Eye Blueprint,11.99,2,23.98,ekennaway61@gnu.org,Miami
2020-08-25,Blueprints,All Eyes Drone Blueprint,9.99,2,19.98,bcumberpatchjr@auda.org.au,Birmingham
2020-08-25,Blueprints,Panda Robot Blueprint,7.99,4,31.96,edew@nba.com,Honolulu
2020-08-25,Training Videos,Cloud Computing,29.99,5,149.95,bbluesnx@scientificamerican.com,Springfield
2020-08-25,Drone Kits,BYOD-300,89,5,445,bkemet2w@nbcnews.com,Chicago
2020-08-25,Drone Kits,BYOD-400,119,4,476,cmatthiesonhg@oracle.com,Young America
2020-08-26,Drones,DTD-7000 Drone,450,5,2250,mkattenhorn66@sfgate.com,Apache Junction
2020-08-26,Robot Kits,BYOR-2640S,189,3,567,nbritonax@miibeian.gov.cn,San Jose
2020-08-26,eBooks,Spherical Robots,16.75,6,100.5,darmytagehc@mediafire.com,Riverside
2020-08-26,eBooks,Cartesian Robots,12.99,4,51.96,ralekseev5o@elpais.com,Olympia
2020-08-27,Robot Kits,BYOR-3535,225,2,450,lhorsley6m@geocities.com,Fort Worth
2020-08-27,Drones,DA-SA702 Drone,399,3,1197,sgodsell65@aol.com,Charlotte
2020-08-27,Training Videos,Aerial Security,36.99,3,110.97,iasman6a@wired.com,Pasadena
2020-08-27,Training Videos,Drone Video Techniques,37.99,3,113.97,epondei9@1688.com,Port Washington
2020-08-27,Drones,DA-SA702 Drone,399,2,798,gshandq@un.org,Saint Petersburg
2020-08-28,Drones,DTI-84 Drone,455,3,1365,hdocwradl@discuz.net,Denver
2020-08-28,Robots,MICR-23K Robot,899,6,5394,genochef@networkadvertising.org,Zephyrhills
2020-08-28,eBooks,Helicopter Drones,20.95,1,20.95,klyer8@fotki.com,Syracuse
2020-08-28,Robots,RXW-9807 Robot,599,3,1797,psherrottp2@e-recht24.de,Newark
2020-08-29,Blueprints,Panda Robot Blueprint,7.99,6,47.94,bmegaineyhk@blogtalkradio.com,Boston
2020-08-29,Robots,RLK-9920 Robot,699,5,3495,loreillyk9@noaa.gov,Winter Haven
2020-08-29,eBooks,Helicopter Drones,20.95,1,20.95,mmeneerkx@symantec.com,Daytona Beach
2020-08-29,Robot Kits,BYOR-4005,245,2,490,vdej0@live.com,El Paso
2020-08-30,Drone Kits,BYOD-500,167,3,501,mcaddan7a@tinyurl.com,Decatur
2020-08-30,eBooks,Delivery Drones,14.99,2,29.98,mgasquoinei8@yale.edu,Spring
2020-08-31,Drone Kits,BYOD-200,58.95,4,235.8,acorneyoq@uol.com.br,Columbia
2020-08-31,Training Videos,Robotic Essentials,34.99,2,69.98,adinsec8@cam.ac.uk,Simi Valley
2020-09-01,Robots,MICR-23K Robot,899,3,2697,rscoinesk6@blogspot.com,Madison
2020-09-01,eBooks,GPS Drones,19.99,5,99.949999999999989,ghaddock54@live.com,North Little Rock
2020-09-01,eBooks,GPS Drones,19.99,2,39.98,shellcatj9@economist.com,Fresno
2020-09-01,Blueprints,Hexacopter Drone Blueprint,8.99,4,35.96,qgowlanddn@jalbum.net,Fort Smith
2020-09-01,Robots,RCB-889 Robot,549,3,1647,kagiolfingeri2@reverbnation.com,Littleton
2020-09-01,Blueprints,All Eyes Drone Blueprint,9.99,3,29.97,glaguerrej6@ftc.gov,Winston Salem
2020-09-01,eBooks,GPS Drones,19.99,3,59.97,afanning12@dmoz.org,Arlington
2020-09-01,eBooks,Building Your Own Drone,24.99,5,124.94999999999999,nhullbrooklj@accuweather.com,Irvine
2020-09-01,eBooks,Cartesian Robots,12.99,3,38.97,ddunsmorehu@deliciousdays.com,Knoxville
2020-09-01,Drones,DTE-QFN20 Drone,250,3,750,alockleyn8@behance.net,Dayton
2020-09-01,Drone Kits,BYOD-350,89.95,6,539.7,cpoole8a@europa.eu,Baltimore
2020-09-02,Robots,RXW-9807 Robot,599,4,2396,bbuncombeqn@goodreads.com,Birmingham
2020-09-02,Blueprints,Panda Robot Blueprint,7.99,6,47.94,htotterdillky@wordpress.org,Fort Worth
2020-09-02,Drones,DX-145 Drone,250,4,1000,rscamblernd@dedecms.com,Albuquerque
2020-09-02,Blueprints,Creature Robot Arms Blueprint,12,3,36,mmanske7c@amazonaws.com,Brockton
2020-09-02,Robots,RCB-889 Robot,549,4,2196,alockleyn8@behance.net,Dayton
2020-09-02,Robot Kits,BYOR-3535,225,1,225,abluschkegz@narod.ru,San Jose
2020-09-02,Training Videos,Mapping with Drones,49,3,147,ahardym@soup.io,Madison
2020-09-03,Training Videos,Virtual Reality Basics,29.99,2,59.98,rpotticaryni@tinyurl.com,Daytona Beach
2020-09-03,Training Videos,Virtual Reality Basics,29.99,5,149.95,mede1c@diigo.com,North Hollywood
2020-09-03,Drones,MICR-564K Drone,499,6,2994,kpedro46@blog.com,Dallas
2020-09-04,Training Videos,Understanding 3D Printing,42.99,2,85.98,jramsbothamly@pagesperso-orange.fr,Topeka
2020-09-04,Drones,DTD-7000 Drone,450,6,2700,mfernleyah@fastcompany.com,Birmingham
2020-09-04,Robots,RXW-9807 Robot,599,5,2995,dmcgrortyin@google.co.jp,Elizabeth
2020-09-04,Blueprints,Creature Robot Arms Blueprint,12,4,48,mbettis6i@sciencedirect.com,Wichita
2020-09-04,eBooks,Cartesian Robots,12.99,2,25.98,bferrolli8c@cbsnews.com,Charleston
2020-09-04,eBooks,Spherical Robots,16.75,5,83.75,wboncorenr@so-net.ne.jp,Wilmington
2020-09-04,Drone Kits,BYOD-400S,129.95,1,129.95,rcokayneh6@sciencedaily.com,Saint Paul
2020-09-04,Robot Kits,BYOR-1000,189,5,945,pwallmanam@booking.com,Stamford
2020-09-04,eBooks,Understanding Arduino,17.5,2,35,gmoensqa@gnu.org,Scottsdale
2020-09-05,Drone Kits,BYOD-100,54,2,108,ymayzebv@gravatar.com,Ridgely
2020-09-05,Blueprints,All Eyes Drone Blueprint,9.99,4,39.96,cgothlifffm@jalbum.net,Atlanta
2020-09-05,Drone Kits,BYOD-400S,129.95,3,389.84999999999997,hbamletr9@google.nl,Sioux City
2020-09-05,eBooks,Single Rotor Drones,14.99,1,14.99,rmcmurtyray@dot.gov,Albany
2020-09-05,Training Videos,Understanding Drone Regulations,27.5,3,82.5,nmariyushkinp6@instagram.com,Louisville
2020-09-06,Robots,MICR-23K Robot,899,3,2697,tlynock21@wunderground.com,Chico
2020-09-06,Blueprints,Sleepy Eye Blueprint,11.99,2,23.98,ccollopoi@delicious.com,Pittsburgh
2020-09-07,eBooks,Building Your Own Drone,24.99,4,99.96,amillionspa@hc360.com,Rochester
2020-09-07,Robots,RXW-9807 Robot,599,3,1797,babrahamssonje@twitter.com,Philadelphia
2020-09-07,eBooks,Helicopter Drones,20.95,2,41.9,utourrylr@delicious.com,Waco
2020-09-08,Blueprints,Bsquare Robot Blueprint,8.99,4,35.96,sobu@squarespace.com,Phoenix
2020-09-08,Training Videos,Open Source Code,32.95,3,98.850000000000009,ttoulchi5@ehow.com,Phoenix
2020-09-08,Training Videos,Robotic Essentials,34.99,3,104.97,crankingmd@shareasale.com,Sacramento
2020-09-09,Robot Kits,BYOR-1000,189,3,567,ljacklinci@hatena.ne.jp,San Diego
2020-09-09,Blueprints,Bsquare Robot Blueprint,8.99,5,44.95,hcapponer8k@deviantart.com,Los Angeles
2020-09-09,eBooks,GPS Drones,19.99,3,59.97,lrobacknn@newyorker.com,Madison
2020-09-09,Drone Kits,BYOD-550,179,4,716,wmacdowalb6@themeforest.net,San Diego
2020-09-09,eBooks,Photograph Drones,14.99,5,74.95,amansion85@china.com.cn,Sacramento
2020-09-09,eBooks,Building Your First Robot,24.95,2,49.9,ydudley9o@salon.com,Washington
2020-09-09,eBooks,RTF Drones,16.99,2,33.98,yharrisck@google.co.jp,Louisville
2020-09-09,Training Videos,Understanding 3D Printing,42.99,2,85.98,esandbrook9v@dagondesign.com,Hayward
2020-09-09,Training Videos,Understanding Automation,44.95,4,179.8,anuschke5l@devhub.com,Rochester
2020-09-10,Robots,RWW-75 Robot,883,5,4415,bhegden7x@scientificamerican.com,Newark
2020-09-10,Drone Kits,BYOD-550,179,2,358,bfeenanej@hc360.com,Shreveport
2020-09-10,Training Videos,Understanding 3D Printing,42.99,4,171.96,bvasilechkon8@unblog.fr,Kansas City
2020-09-10,Drone Kits,BYOD-200,58.95,5,294.75,aalyokhinho@imageshack.us,Philadelphia
2020-09-10,Training Videos,Open Source Code,32.95,5,164.75,dtondeura@baidu.com,Longview
2020-09-10,Robot Kits,BYOR-3535,225,4,900,sricciardo57@creativecommons.org,San Angelo
2020-09-11,Robots,MICR-23K Robot,899,4,3596,mgales3v@123-reg.co.uk,Alhambra
2020-09-11,eBooks,Cartesian Robots,12.99,2,25.98,ccassellq3@japanpost.jp,Cambridge
2020-09-11,Training Videos,Robotic Essentials,34.99,3,104.97,mravenscrofttap@vinaora.com,Omaha
2020-09-12,Robots,RXW-9807 Robot,599,5,2995,ccruzcn@ca.gov,San Francisco
2020-09-12,Robots,RCB-889 Robot,549,6,3294,jby72@ow.ly,Albany
2020-09-12,eBooks,GPS Drones,19.99,2,39.98,manningh7@nifty.com,Wilmington
2020-09-12,eBooks,Spherical Robots,16.75,3,50.25,sfishepe@163.com,New York City
2020-09-13,Drones,DTE-QFN20 Drone,250,5,1250,bbockhc0@jimdo.com,Torrance
2020-09-13,eBooks,Building Your Own Drone,24.99,5,124.94999999999999,whearseno@liveinternet.ru,Daytona Beach
2020-09-13,Training Videos,Drone Video Techniques,37.99,5,189.95000000000002,mtomasik9i@shareasale.com,Abilene
2020-09-13,Drone Kits,BYOD-500,167,2,334,aainscow1y@fastcompany.com,Seattle
2020-09-13,eBooks,Delta Robots,16.99,6,101.94,gmacenzy8g@constantcontact.com,Springfield
2020-09-13,eBooks,Photograph Drones,14.99,5,74.95,nolsson50@hc360.com,Las Vegas
2020-09-13,Training Videos,Drone Video Techniques,37.99,2,75.98,szollner5m@skype.com,San Diego
2020-09-14,eBooks,Drone Building Essentials,13.99,3,41.97,rbaswall9t@topsy.com,Staten Island
2020-09-14,Robots,RXW-9807 Robot,599,4,2396,anuschke5l@devhub.com,Rochester
2020-09-14,Blueprints,Sleepy Eye Blueprint,11.99,4,47.96,esandbrook9v@dagondesign.com,Hayward
2020-09-14,eBooks,GPS Drones,19.99,3,59.97,dharcourthv@is.gd,Wichita
2020-09-15,Blueprints,Hexacopter Drone Blueprint,8.99,5,44.95,mdowningi@creativecommons.org,Phoenix
2020-09-15,Training Videos,Open Source Code,32.95,4,131.8,clecm@miibeian.gov.cn,Shreveport
2020-09-15,Drone Kits,BYOD-200,58.95,5,294.75,achantrell7i@pagesperso-orange.fr,Lincoln
2020-09-16,Drone Kits,BYOD-200,58.95,4,235.8,mmcconnell2h@ning.com,Prescott
2020-09-16,Training Videos,Industrial 3D Printing,49,3,147,nmaven3o@go.com,Sarasota
2020-09-16,eBooks,Building Your Own Drone,24.99,3,74.97,tindoo@globo.com,Pensacola
2020-09-16,Blueprints,Sleepy Eye Blueprint,11.99,2,23.98,eblakedenhc@imgur.com,Louisville
2020-09-16,Training Videos,Understanding Automation,44.95,2,89.9,kmarshfieldcs@jiathis.com,Davenport
2020-09-16,Drone Kits,BYOD-400,119,4,476,dsaxton96@cornell.edu,Duluth
2020-09-16,Blueprints,Cat Robot Blueprint,4.99,5,24.950000000000003,sgruszkanv@yellowpages.com,Chicago
2020-09-17,Training Videos,Understanding 3D Printing,42.99,4,171.96,rbalogiw@arstechnica.com,Birmingham
2020-09-17,Training Videos,Understanding 3D Printing,42.99,6,257.94,mmaccaughanak@plala.or.jp,Madison
2020-09-17,Drone Kits,BYOD-400S,129.95,5,649.75,rbagge56@ucla.edu,Saint Paul
2020-09-17,Robot Kits,BYOR-3000,214,2,428,doluby5t@pcworld.com,Fairbanks
2020-09-17,eBooks,Spherical Robots,16.75,5,83.75,kclericoatesko@engadget.com,Youngstown
2020-09-17,Training Videos,Robotic Essentials,34.99,2,69.98,ljacklinci@hatena.ne.jp,San Diego
2020-09-17,Robots,RLK-9920 Robot,699,2,1398,llespercx@com.com,Des Moines
2020-09-18,Blueprints,All Eyes Drone Blueprint,9.99,5,49.95,svassie59@cam.ac.uk,San Jose
2020-09-18,Robots,RCB-889 Robot,549,4,2196,ggallaherhm@newsvine.com,Phoenix
2020-09-18,eBooks,Polar Robots,23.99,4,95.96,rwinning5s@buzzfeed.com,Springfield
2020-09-18,Robots,RLK-9920 Robot,699,4,2796,aduberryoq@hugedomains.com,Trenton
2020-09-18,eBooks,Multi Rotor Drones,24.95,4,99.8,zrossettii7@wordpress.org,Washington
2020-09-18,eBooks,Multi Rotor Drones,24.95,4,99.8,pingerson9f@webmd.com,Tucson
2020-09-19,eBooks,GPS Drones,19.99,1,19.99,khearsepd@jugem.jp,Youngstown
2020-09-19,eBooks,Cartesian Robots,12.99,2,25.98,edew@nba.com,Honolulu
2020-09-19,eBooks,Polar Robots,23.99,3,71.97,shuyghe11@redcross.org,Biloxi
2020-09-19,eBooks,Helicopter Drones,20.95,2,41.9,oleevesmc@naver.com,Little Rock
2020-09-19,Drones,DTE-QFN20 Drone,250,2,500,jmeritib@sphinn.com,Madison
2020-09-19,Training Videos,Understanding Drone Regulations,27.5,2,55,jspurettt@exblog.jp,Columbus
2020-09-19,Blueprints,Creature Robot Arms Blueprint,12,5,60,kkington20@barnesandnoble.com,Dallas
2020-09-20,Training Videos,Industrial 3D Printing,49,5,245,twarlock1x@geocities.com,Youngstown
2020-09-21,eBooks,Building Your Own Drone,24.99,2,49.98,ggallene1@moonfruit.com,San Antonio
2020-09-21,eBooks,Polar Robots,23.99,5,119.94999999999999,qgorsc3@wikipedia.org,Wilmington
2020-09-22,Drone Kits,BYOD-200,58.95,4,235.8,lbleakley86@w3.org,Saint Louis
2020-09-22,Blueprints,Sleepy Eye Blueprint,11.99,5,59.95,pwallmanam@booking.com,Stamford
2020-09-22,Blueprints,Sleepy Eye Blueprint,11.99,3,35.97,npitsalloa@baidu.com,Port Saint Lucie
2020-09-22,Robot Kits,BYOR-3000,214,4,856,rmarchandhj@google.ru,Greeley
2020-09-22,Robots,RWW-75 Robot,883,6,5298,cchadwickg2@craigslist.org,Bakersfield
2020-09-22,eBooks,Fixed Wing Drones,15.5,5,77.5,bwhitemanpf@dailymail.co.uk,Spokane
2020-09-22,Training Videos,Cloud Computing,29.99,2,59.98,kcoen29@loc.gov,Savannah
2020-09-22,Training Videos,Aerial Security,36.99,5,184.95000000000002,gfarranbs@hugedomains.com,Boise
2020-09-22,Blueprints,Creature Robot Arms Blueprint,12,6,72,ctunnyhk@nytimes.com,Washington
2020-09-22,Drone Kits,BYOD-200,58.95,6,353.70000000000005,utourrylr@delicious.com,Waco
2020-09-23,Training Videos,Cloud Computing,29.99,3,89.97,acolenuttmu@ask.com,Cleveland
2020-09-23,Robot Kits,BYOR-3535,225,1,225,rseson7w@google.it,Saint Louis
2020-09-23,Training Videos,Understanding Raspberry PI,28.99,2,57.98,eheatherington2p@google.fr,Omaha
2020-09-23,Blueprints,Hexacopter Drone Blueprint,8.99,5,44.95,hcubberley92@devhub.com,Aurora
2020-09-23,Blueprints,Ladybug Robot Blueprint,12,3,36,gpolinidr@howstuffworks.com,Garland
2020-09-23,Robots,RLK-9920 Robot,699,3,2097,pchristerhx@businesswire.com,Abilene
2020-09-24,Training Videos,Open Source Code,32.95,2,65.9,sbattellj4@soundcloud.com,San Antonio
2020-09-24,Robots,MICR-23K Robot,899,2,1798,mtokley66@topsy.com,Baltimore
2020-09-24,eBooks,Single Rotor Drones,14.99,5,74.95,mmathetj1@cargocollective.com,Charlotte
2020-09-25,eBooks,Understanding Artificial Intelligence,19.5,3,58.5,wurenec@uiuc.edu,Dayton
2020-09-25,eBooks,RTF Drones,16.99,1,16.99,dhakey77@businessinsider.com,Norfolk
2020-09-25,Training Videos,Aerial Security,36.99,4,147.96,srevington5b@de.vu,Tuscaloosa
2020-09-25,eBooks,Photograph Drones,14.99,4,59.96,ameasenbt@hubpages.com,Newark
2020-09-25,Robot Kits,BYOR-3535,225,6,1350,owisbeyr9@microsoft.com,Carol Stream
2020-09-25,Training Videos,Mapping with Drones,49,4,196,iarnowitzn6@bloomberg.com,Denver
2020-09-26,Drone Kits,BYOD-220,69,3,207,enestle3o@mac.com,Jamaica
2020-09-26,Drone Kits,BYOD-220,69,3,207,fuebeli@army.mil,Lima
2020-09-26,Training Videos,Drone Video Techniques,37.99,2,75.98,dscracehm@google.ru,Houston
2020-09-26,Training Videos,Open Source Code,32.95,5,164.75,mfernleyah@fastcompany.com,Birmingham
2020-09-26,Robots,RCB-889 Robot,549,4,2196,mmallabarc5@buzzfeed.com,Saint Paul
2020-09-27,Drone Kits,BYOD-400,119,2,238,kessamehc@github.com,Dallas
2020-09-27,eBooks,Understanding Arduino,17.5,5,87.5,gatwood6i@stanford.edu,Milwaukee
2020-09-27,Training Videos,Cloud Computing,29.99,3,89.97,hcubberley92@devhub.com,Aurora
2020-09-28,Training Videos,Open Source Code,32.95,4,131.8,mmenlovelb@sbwire.com,Fresno
2020-09-28,eBooks,Photograph Drones,14.99,1,14.99,vde2y@sciencedirect.com,Philadelphia
2020-09-28,Training Videos,Drone Video Techniques,37.99,2,75.98,rdomoney10@washingtonpost.com,Raleigh
2020-09-28,Training Videos,Understanding Drone Regulations,27.5,3,82.5,hcharlor3@hao123.com,Concord
2020-09-28,Drones,DTI-84 Drone,455,3,1365,ecasaleql@nhs.uk,New Orleans
2020-09-28,Robot Kits,BYOR-1500,189,3,567,cpardidp@wordpress.com,Sioux Falls
2020-09-29,Training Videos,Understanding 3D Printing,42.99,6,257.94,babramovitzep@about.com,Sioux Falls
2020-09-29,eBooks,SCARA Robots,19.5,2,39,jlinnard3f@plala.or.jp,Nashville
2020-09-29,eBooks,Helicopter Drones,20.95,4,83.8,rhutchin7y@springer.com,Washington
2020-09-29,eBooks,SCARA Robots,19.5,3,58.5,gwillansih@yahoo.com,Beaverton
2020-09-29,Drones,MICR-564K Drone,499,4,1996,bsortongk@amazon.de,Bismarck
2020-09-30,Robot Kits,BYOR-3535,225,3,675,afarris5j@mediafire.com,San Jose
2020-09-30,eBooks,Understanding Arduino,17.5,4,70,dmeaddowcrofth8@meetup.com,Tacoma
2020-09-30,Drone Kits,BYOD-300,89,4,356,gcraiseo1@weibo.com,Rochester
2020-09-30,eBooks,Articulated Robots,23.99,3,71.97,ymayzebv@gravatar.com,Ridgely
2020-09-30,Robot Kits,BYOR-3000,214,3,642,pcoilsrg@cam.ac.uk,Shawnee Mission
2020-09-30,Drone Kits,BYOD-200,58.95,4,235.8,mbodessondq@admin.ch,Rochester
2020-09-30,Robot Kits,BYOR-1500,189,2,378,cnenolz@mediafire.com,Aurora
2020-10-01,eBooks,Spherical Robots,16.75,2,33.5,fbarnsdaleea@stanford.edu,Honolulu
2020-10-01,Robot Kits,BYOR-4005,245,4,980,iromer51@merriam-webster.com,Wilmington
2020-10-01,Drone Kits,BYOD-400,119,3,357,nguionk1@artisteer.com,Sacramento
2020-10-01,Drone Kits,BYOD-300,89,3,267,gbeadel7t@spiegel.de,Durham
2020-10-02,Training Videos,Robotic Essentials,34.99,3,104.97,ukopecka4h@ox.ac.uk,Minneapolis
2020-10-02,Training Videos,AI for Educators,49.95,2,99.9,ehamprecht18@dot.gov,Nashville
2020-10-02,Drone Kits,BYOD-300,89,2,178,wclamptonjc@pen.io,Nashville
2020-10-02,Drone Kits,BYOD-300,89,3,267,bsheerinu@php.net,San Luis Obispo
2020-10-02,Blueprints,Panda Robot Blueprint,7.99,3,23.97,ghaethj@npr.org,Seattle
2020-10-02,Robot Kits,BYOR-3535,225,2,450,cmahadyik@1und1.de,San Antonio
2020-10-03,eBooks,Delta Robots,16.99,4,67.96,ejurczik1j@booking.com,Fairfax
2020-10-04,eBooks,SCARA Robots,19.5,4,78,dshuterl0@dot.gov,Columbus
2020-10-04,Blueprints,Creature Robot Arms Blueprint,12,4,48,cloinsjc@mail.ru,Oklahoma City
2020-10-04,Robots,RLK-9920 Robot,699,5,3495,breubens76@taobao.com,Richmond
2020-10-04,Training Videos,Understanding Automation,44.95,4,179.8,lshera4f@opera.com,Knoxville
2020-10-05,eBooks,Single Rotor Drones,14.99,5,74.95,adefrainecw@example.com,Orlando
2020-10-05,eBooks,Understanding Arduino,17.5,6,105,sduxbury2c@dell.com,Oklahoma City
2020-10-05,Drones,DA-SA702 Drone,399,4,1596,sconochie8k@networksolutions.com,Paterson
2020-10-05,Blueprints,Creature Robot Arms Blueprint,12,5,60,ggosnoll2p@google.com.hk,Salt Lake City
2020-10-06,Blueprints,Ladybug Robot Blueprint,12,3,36,wbernolet9v@ft.com,Appleton
2020-10-06,eBooks,Building Your First Robot,24.95,5,124.75,rcronk30@europa.eu,Houston
2020-10-06,Robots,MICR-23K Robot,899,4,3596,shellcatj9@economist.com,Fresno
2020-10-06,Robot Kits,BYOR-3535,225,6,1350,churticoc@infoseek.co.jp,Oklahoma City
2020-10-07,Drones,MICR-564K Drone,499,4,1996,bwaiton1@geocities.com,Madison
2020-10-07,Robot Kits,BYOR-2640S,189,1,189,bpeteragb@wufoo.com,Atlanta
2020-10-07,Blueprints,Cat Robot Blueprint,4.99,3,14.97,fcolpus9b@prlog.org,Berkeley
2020-10-07,eBooks,Spherical Robots,16.75,5,83.75,mheasleyd1@cnet.com,Rochester
2020-10-07,Drone Kits,BYOD-400,119,3,357,srisdale6s@purevolume.com,Salt Lake City
2020-10-08,eBooks,Cartesian Robots,12.99,2,25.98,mvosemk@hugedomains.com,Boston
2020-10-08,Training Videos,Cloud Computing,29.99,4,119.96,salcocknx@mtv.com,Honolulu
2020-10-08,eBooks,Multi Rotor Drones,24.95,4,99.8,lcridlonkj@sina.com.cn,Springfield
2020-10-08,eBooks,Spherical Robots,16.75,3,50.25,roxtibyp1@slashdot.org,Des Moines
2020-10-09,Training Videos,Industrial 3D Printing,49,4,196,ibelchem2@webmd.com,Dayton
2020-10-09,Drone Kits,BYOD-220,69,4,276,agrzelewskimt@intel.com,Tucson
2020-10-09,Training Videos,AI for Educators,49.95,4,199.8,dwoltonay@engadget.com,San Diego
2020-10-09,Training Videos,Drone Video Techniques,37.99,4,151.96,jcarass7r@webeden.co.uk,Brooklyn
2020-10-10,Training Videos,AI for Educators,49.95,3,149.85000000000002,jpinchen15@behance.net,Birmingham
2020-10-10,Blueprints,Bsquare Robot Blueprint,8.99,4,35.96,nprowseps@nationalgeographic.com,Little Rock
2020-10-10,Robot Kits,BYOR-3000,214,6,1284,wahmedqj@shareasale.com,Charleston
2020-10-10,Blueprints,All Eyes Drone Blueprint,9.99,2,19.98,wdenmead7q@go.com,New Orleans
2020-10-10,Drone Kits,BYOD-400,119,2,238,iarrolog@bloglines.com,Philadelphia
2020-10-10,Blueprints,Creature Robot Arms Blueprint,12,6,72,jsimonsence@vimeo.com,Silver Spring
2020-10-10,Drone Kits,BYOD-400S,129.95,5,649.75,tlittlejd@liveinternet.ru,Washington
2020-10-10,Blueprints,Hexacopter Drone Blueprint,8.99,5,44.95,lmonnoyerc@nyu.edu,Charlotte
2020-10-10,Training Videos,Understanding Automation,44.95,4,179.8,finkinb5@economist.com,Waterbury
2020-10-11,Drone Kits,BYOD-300,89,5,445,bmacdermottpj@flickr.com,Muncie
2020-10-11,eBooks,Understanding Artificial Intelligence,19.5,5,97.5,bcurme4@umich.edu,Houston
2020-10-11,Robot Kits,BYOR-2640S,189,3,567,wbernolet9v@ft.com,Appleton
2020-10-12,Drones,DX-145 Drone,250,5,1250,mscholard2z@blinklist.com,Gatesville
2020-10-12,eBooks,Fixed Wing Drones,15.5,3,46.5,hcuckoooy@nba.com,Washington
2020-10-12,Drones,DTI-84 Drone,455,3,1365,mbodessondq@admin.ch,Rochester
2020-10-12,Drones,DTI-84 Drone,455,3,1365,ddurran9j@eepurl.com,Macon
2020-10-13,Robots,RLK-9920 Robot,699,5,3495,ctaceydb@hp.com,Milwaukee
2020-10-13,Robots,RQTE-554 Robot,684,4,2736,bchittendenot@e-recht24.de,Washington
2020-10-13,Training Videos,Robotic Essentials,34.99,4,139.96,mmanske7c@amazonaws.com,Brockton
2020-10-13,eBooks,Delivery Drones,14.99,3,44.97,bturnell3i@java.com,Madison
2020-10-13,Training Videos,Mapping with Drones,49,2,98,tillistonmj@prlog.org,Detroit
2020-10-13,eBooks,Fixed Wing Drones,15.5,3,46.5,sricciardo57@creativecommons.org,San Angelo
2020-10-14,Drone Kits,BYOD-500,167,2,334,llockner5c@pen.io,Lubbock
2020-10-14,eBooks,Understanding Arduino,17.5,2,35,pgaskalb9@webnode.com,Flushing
2020-10-14,Training Videos,Understanding Automation,44.95,4,179.8,posbanmn@redcross.org,Sacramento
2020-10-14,eBooks,Understanding Artificial Intelligence,19.5,4,78,vstobbieae@diigo.com,Des Moines
2020-10-14,Training Videos,Understanding Raspberry PI,28.99,6,173.94,mplewmano7@woothemes.com,Schenectady
2020-10-14,Blueprints,Creature Robot Arms Blueprint,12,5,60,jhamblington1j@omniture.com,Macon
2020-10-14,Drones,DTD-7000 Drone,450,3,1350,cgherardescipa@altervista.org,Springfield
2020-10-15,eBooks,Polar Robots,23.99,2,47.98,rjoannet8r@prnewswire.com,San Antonio
2020-10-15,Training Videos,Virtual Reality Basics,29.99,4,119.96,lcreagh2h@weather.com,Brea
2020-10-15,Blueprints,Cat Robot Blueprint,4.99,2,9.98,noverel1y@taobao.com,Zephyrhills
2020-10-15,Drones,DTI-84 Drone,455,3,1365,rkeeling3y@redcross.org,Daytona Beach
2020-10-15,Drones,DTD-7000 Drone,450,5,2250,owalshjg@si.edu,Chicago
2020-10-15,Drone Kits,BYOD-300,89,2,178,bbarthode@sina.com.cn,Long Beach
2020-10-15,eBooks,SCARA Robots,19.5,3,58.5,rgreening1f@webeden.co.uk,Amarillo
2020-10-15,Robot Kits,BYOR-4005,245,4,980,lyardy2t@psu.edu,Sioux Falls
2020-10-15,eBooks,Photograph Drones,14.99,1,14.99,rcouplandgz@google.com.br,San Antonio
2020-10-15,Blueprints,Sleepy Eye Blueprint,11.99,3,35.97,jlattka2f@tuttocitta.it,Midland
2020-10-16,Blueprints,Panda Robot Blueprint,7.99,5,39.95,caddams8p@google.it,Monticello
2020-10-16,Blueprints,Creature Robot Arms Blueprint,12,5,60,slocockig@wp.com,New Haven
2020-10-16,Blueprints,Cat Robot Blueprint,4.99,3,14.97,acornickg2@spiegel.de,Houston
2020-10-17,Training Videos,Understanding 3D Printing,42.99,3,128.97,mbetkepi@goo.gl,Garland
2020-10-17,eBooks,Understanding Arduino,17.5,3,52.5,mswabye5@time.com,Minneapolis
2020-10-17,Drones,DX-145 Drone,250,2,500,enornasell3v@vkontakte.ru,Merrifield
2020-10-18,eBooks,Building Your First Robot,24.95,5,124.75,ecapron4l@tripadvisor.com,Chicago
2020-10-18,eBooks,Helicopter Drones,20.95,2,41.9,kbuckepn@4shared.com,Chicago
2020-10-18,Drones,MICR-564K Drone,499,3,1497,aduberryoq@hugedomains.com,Trenton
2020-10-18,Drone Kits,BYOD-400S,129.95,5,649.75,akingaby78@deviantart.com,West Palm Beach
2020-10-18,eBooks,Building Your First Robot,24.95,3,74.85,astockey3d@irs.gov,Lynn
2020-10-18,Robot Kits,BYOR-4005,245,4,980,javann71@adobe.com,Lakeland
2020-10-19,Drones,DTI-84 Drone,455,3,1365,ebaidenb0@mapquest.com,Fort Lauderdale
2020-10-19,Robot Kits,BYOR-2640S,189,3,567,mkitchinghan5p@utexas.edu,Phoenix
2020-10-19,eBooks,Helicopter Drones,20.95,2,41.9,dthomazetc2@merriam-webster.com,Decatur
2020-10-19,Drone Kits,BYOD-200,58.95,3,176.85000000000002,adavidih9@vinaora.com,New Hyde Park
2020-10-19,eBooks,Delivery Drones,14.99,4,59.96,edew@nba.com,Honolulu
2020-10-20,eBooks,GPS Drones,19.99,4,79.96,mroderickm4@gizmodo.com,Saint Louis
2020-10-20,Training Videos,Understanding Automation,44.95,3,134.85000000000002,cellesgw@barnesandnoble.com,San Diego
2020-10-20,Robots,RLK-9920 Robot,699,6,4194,byerbymh@oakley.com,Louisville
2020-10-21,Robots,RXW-9807 Robot,599,3,1797,amacelroy7h@guardian.co.uk,Sarasota
2020-10-21,Training Videos,Aerial Security,36.99,6,221.94,abrogang8@bandcamp.com,Corpus Christi
2020-10-21,Blueprints,Sleepy Eye Blueprint,11.99,4,47.96,jmiskenoj@symantec.com,Pittsburgh
2020-10-21,eBooks,Cartesian Robots,12.99,2,25.98,gmcdirmidmm@yolasite.com,Torrance
2020-10-21,Robot Kits,BYOR-3000,214,4,856,lbossonsd1@github.com,Houston
2020-10-21,Training Videos,Mapping with Drones,49,2,98,sixer2o@wikipedia.org,Mobile
2020-10-22,eBooks,Drone Building Essentials,13.99,6,83.94,rfulkph@ucsd.edu,Pocatello
2020-10-22,eBooks,Understanding Arduino,17.5,3,52.5,btuttlekz@webeden.co.uk,Washington
2020-10-22,eBooks,Building Your Own Drone,24.99,4,99.96,roxtibyp1@slashdot.org,Des Moines
2020-10-22,Robots,RXW-9807 Robot,599,5,2995,dhennemanna3@oakley.com,Mount Vernon
2020-10-22,Drones,DTE-QFN20 Drone,250,1,250,tannies8u@ucsd.edu,Beaverton
2020-10-22,Training Videos,Understanding Drone Regulations,27.5,4,110,kbanbridgehl@shop-pro.jp,Miami
2020-10-23,Training Videos,Aerial Security,36.99,6,221.94,pmonini37@jigsy.com,Newport News
2020-10-23,eBooks,Cartesian Robots,12.99,4,51.96,kkempstone3t@harvard.edu,Denver
2020-10-23,Robot Kits,BYOR-1500,189,5,945,babrahamssonje@twitter.com,Philadelphia
2020-10-23,Training Videos,Open Source Code,32.95,3,98.850000000000009,mfuentes12@icq.com,Denver
2020-10-23,Training Videos,Virtual Reality Basics,29.99,5,149.95,lhacardic@drupal.org,Knoxville
2020-10-23,Training Videos,Robotic Essentials,34.99,3,104.97,avangoh7@tamu.edu,Detroit
2020-10-23,Blueprints,Panda Robot Blueprint,7.99,3,23.97,salbrightonbf@paginegialle.it,Washington
2020-10-24,Drones,DA-SA702 Drone,399,3,1197,fdockreybr@imageshack.us,Saint Louis
2020-10-24,Blueprints,Sleepy Eye Blueprint,11.99,5,59.95,rfrangello6l@icio.us,Cleveland
2020-10-24,Training Videos,AI for Educators,49.95,2,99.9,sfishepe@163.com,New York City
2020-10-24,Blueprints,Ladybug Robot Blueprint,12,1,12,fsteersiy@hatena.ne.jp,Cincinnati
2020-10-24,Robot Kits,BYOR-1000,189,1,189,cpoole8a@europa.eu,Baltimore
2020-10-25,Robots,MICR-23K Robot,899,3,2697,rkeelanoc@yolasite.com,Trenton
2020-10-25,eBooks,Polar Robots,23.99,2,47.98,akrollmannnc@google.ru,Boston
2020-10-25,Blueprints,Sleepy Eye Blueprint,11.99,3,35.97,tbayntonjh@blogtalkradio.com,Juneau
2020-10-25,Training Videos,Understanding Raspberry PI,28.99,5,144.95,bpetheridged7@aboutads.info,Warren
2020-10-25,eBooks,Helicopter Drones,20.95,5,104.75,wfarney6p@smh.com.au,Houston
2020-10-25,Drone Kits,BYOD-550,179,2,358,dwhittingtoncz@mozilla.org,Huntsville
2020-10-26,eBooks,Fixed Wing Drones,15.5,3,46.5,gconti35@springer.com,Salt Lake City
2020-10-26,Robots,RLK-9920 Robot,699,3,2097,dwimburya7@nationalgeographic.com,Hartford
2020-10-27,Training Videos,Understanding Drone Regulations,27.5,4,110,mswabye5@time.com,Minneapolis
2020-10-27,Drones,MICR-564K Drone,499,3,1497,mmulcasterks@spiegel.de,Columbus
2020-10-27,Drone Kits,BYOD-100,54,3,162,akeppin4m@addtoany.com,New Orleans
2020-10-27,Robots,RCB-889 Robot,549,3,1647,nmcsperronj7@miitbeian.gov.cn,Los Angeles
2020-10-27,eBooks,Photograph Drones,14.99,6,89.94,amatusevichex@pagesperso-orange.fr,Paterson
2020-10-27,Robot Kits,BYOR-4005,245,4,980,whalgarth13@bloomberg.com,Albany
2020-10-27,Blueprints,Sleepy Eye Blueprint,11.99,5,59.95,flowdeaneb7@google.ca,Birmingham
2020-10-28,Drone Kits,BYOD-550,179,1,179,dlardezgv@businessinsider.com,Fullerton
2020-10-28,eBooks,Building Your Own Drone,24.99,2,49.98,jrobus9b@miitbeian.gov.cn,Colorado Springs
2020-10-28,eBooks,Single Rotor Drones,14.99,4,59.96,gmasic8k@whitehouse.gov,Greeley
2020-10-28,Robots,RCB-889 Robot,549,4,2196,mlinckeh5@ebay.com,Trenton
2020-10-29,Training Videos,Open Source Code,32.95,3,98.850000000000009,ahileycr@hc360.com,Orlando
2020-10-29,Training Videos,Understanding Automation,44.95,5,224.75,rfreearew@deviantart.com,Minneapolis
2020-10-29,Drone Kits,BYOD-400S,129.95,5,649.75,iduredengd@github.com,Pittsburgh
2020-10-29,Drone Kits,BYOD-220,69,3,207,rkediebz@uol.com.br,Virginia Beach
2020-10-30,Drone Kits,BYOD-300,89,4,356,cpoole8a@europa.eu,Baltimore
2020-10-30,eBooks,Understanding Artificial Intelligence,19.5,1,19.5,smcgrann77@imageshack.us,Waco
2020-10-30,Training Videos,Robotic Essentials,34.99,3,104.97,ddunsmorehu@deliciousdays.com,Knoxville
2020-10-30,eBooks,Building Your First Robot,24.95,4,99.8,thuettkq@last.fm,Huntington
2020-10-31,Blueprints,Bsquare Robot Blueprint,8.99,4,35.96,wellinghamho@npr.org,Buffalo
2020-10-31,eBooks,Delta Robots,16.99,4,67.96,dwestmacottdo@hubpages.com,Anchorage
2020-10-31,Drone Kits,BYOD-350,89.95,1,89.95,bdrewclifton8y@nps.gov,Inglewood
2020-10-31,eBooks,Building Your Own Drone,24.99,3,74.97,cmayworthi2@time.com,Juneau
2020-11-01,Training Videos,Aerial Security,36.99,4,147.96,bsoalqt@chicagotribune.com,Durham
2020-11-01,Training Videos,Industrial 3D Printing,49,4,196,ckiesselg6@state.tx.us,Melbourne
2020-11-02,Robot Kits,BYOR-1000,189,4,756,rgemsongx@dropbox.com,Tempe
2020-11-02,Blueprints,Panda Robot Blueprint,7.99,6,47.94,gnewlandsc8@discuz.net,El Paso
2020-11-02,Drones,MICR-564K Drone,499,5,2495,awoodruffo@techcrunch.com,Rochester
2020-11-02,Training Videos,Robotic Essentials,34.99,4,139.96,godonnellal@freewebs.com,Norfolk
2020-11-03,Robots,RQTE-554 Robot,684,3,2052,dgyrgorcewicx5@1und1.de,Tulsa
2020-11-03,Training Videos,Drone Video Techniques,37.99,2,75.98,bwaiton1@geocities.com,Madison
2020-11-03,Blueprints,All Eyes Drone Blueprint,9.99,4,39.96,thonig4c@google.ru,Maple Plain
2020-11-03,Drones,DX-145 Drone,250,4,1000,htidmanmv@ucla.edu,Knoxville
2020-11-03,Robot Kits,BYOR-2640S,189,1,189,jsmallsgz@topsy.com,Paterson
2020-11-03,Drones,DTI-84 Drone,455,2,910,esalwaygc@cnn.com,Memphis
2020-11-04,Robot Kits,BYOR-3535,225,4,900,zzsa1s@quantcast.com,Portland
2020-11-04,eBooks,Understanding Artificial Intelligence,19.5,4,78,mbetkepi@goo.gl,Garland
2020-11-04,Drone Kits,BYOD-200,58.95,1,58.95,eceney3@odnoklassniki.ru,Maple Plain
2020-11-04,Drone Kits,BYOD-100,54,3,162,ibelfelteo@dedecms.com,Chicago
2020-11-04,Training Videos,Cloud Computing,29.99,5,149.95,gconti35@springer.com,Salt Lake City
2020-11-05,Blueprints,Ladybug Robot Blueprint,12,3,36,aheeleyna@amazon.co.jp,Springfield
2020-11-05,eBooks,RTF Drones,16.99,5,84.949999999999989,zstanes3a@google.com,Des Moines
2020-11-05,Training Videos,AI for Educators,49.95,2,99.9,rwisniowskig8@baidu.com,Anaheim
2020-11-05,Training Videos,Mapping with Drones,49,3,147,hfaulconerbv@msu.edu,Galveston
2020-11-06,Robots,RQTE-554 Robot,684,4,2736,aphiloji@state.tx.us,Minneapolis
2020-11-07,Robot Kits,BYOR-2640S,189,3,567,eandrejevic2i@people.com.cn,Birmingham
2020-11-07,Drone Kits,BYOD-350,89.95,6,539.7,wspark10@mashable.com,Reston
2020-11-08,Training Videos,Drone Video Techniques,37.99,1,37.99,aloughmanmb@devhub.com,Jamaica
2020-11-08,Robot Kits,BYOR-1000,189,4,756,mghelerdini45@studiopress.com,Dallas
2020-11-08,eBooks,Delta Robots,16.99,4,67.96,jkinvand4@yale.edu,Harrisburg
2020-11-08,Robot Kits,BYOR-4005,245,3,735,jrosgenpy@marriott.com,Philadelphia
2020-11-09,Robots,RCB-889 Robot,549,3,1647,gresideno@aol.com,Baton Rouge
2020-11-09,Training Videos,Understanding Drone Regulations,27.5,3,82.5,jromanetqs@google.co.jp,Fort Worth
2020-11-09,Robot Kits,BYOR-3535,225,5,1125,rmccandless5r@ameblo.jp,El Paso
2020-11-10,eBooks,RTF Drones,16.99,5,84.949999999999989,kicomci@digg.com,Troy
2020-11-10,Robot Kits,BYOR-3535,225,2,450,jrobbertov@people.com.cn,Evansville
2020-11-10,Training Videos,Understanding 3D Printing,42.99,1,42.99,bwooffr4@printfriendly.com,Charleston
2020-11-10,Drone Kits,BYOD-550,179,3,537,egrinleyfb@slate.com,Baton Rouge
2020-11-10,Training Videos,Understanding Raspberry PI,28.99,2,57.98,sgwilymhh@mapy.cz,Cape Coral
2020-11-11,Drone Kits,BYOD-200,58.95,1,58.95,bshavelo8@ihg.com,Atlanta
2020-11-11,eBooks,Polar Robots,23.99,3,71.97,cmacmichael5y@businesswire.com,Tucson
2020-11-11,Training Videos,Cloud Computing,29.99,2,59.98,dwhittingtoncz@mozilla.org,Huntsville
2020-11-11,Drone Kits,BYOD-200,58.95,3,176.85000000000002,llockner5c@pen.io,Lubbock
2020-11-11,eBooks,Understanding Artificial Intelligence,19.5,5,97.5,bcrowthergs@cyberchimps.com,Tucson
2020-11-13,eBooks,Building Your Own Drone,24.99,5,124.94999999999999,wlyness2x@twitpic.com,San Diego
2020-11-13,eBooks,RTF Drones,16.99,2,33.98,jsmallsgz@topsy.com,Paterson
2020-11-13,Robot Kits,BYOR-1000,189,5,945,jjordanne@prweb.com,Melbourne
2020-11-13,Blueprints,Cat Robot Blueprint,4.99,5,24.950000000000003,hendrizzik4@japanpost.jp,Canton
2020-11-15,Drones,DX-145 Drone,250,3,750,ebartelsellisll@va.gov,Rockford
2020-11-15,Drone Kits,BYOD-350,89.95,5,449.75,alawtieeu@networksolutions.com,Buffalo
2020-11-15,Blueprints,Creature Robot Arms Blueprint,12,1,12,lbloxholmx@cloudflare.com,Killeen
2020-11-15,Robot Kits,BYOR-1500,189,5,945,cseageev@slate.com,San Diego
2020-11-15,eBooks,Delivery Drones,14.99,3,44.97,ddebi@chronoengine.com,Jacksonville
2020-11-15,Drones,DTI-84 Drone,455,5,2275,svarleyfe@nsw.gov.au,Houston
2020-11-16,Robot Kits,BYOR-1500,189,5,945,kdjurdjevicim@harvard.edu,Mobile
2020-11-16,Training Videos,Understanding Raspberry PI,28.99,3,86.97,bwaszczykpm@fda.gov,San Antonio
2020-11-16,eBooks,Delivery Drones,14.99,3,44.97,bdennerly7h@si.edu,Loretto
2020-11-16,Training Videos,AI for Educators,49.95,3,149.85000000000002,jbrecknockhr@youtube.com,Brooklyn
2020-11-16,Robot Kits,BYOR-1500,189,1,189,rattersoll29@soundcloud.com,Chattanooga
2020-11-17,eBooks,Delivery Drones,14.99,2,29.98,mtareefc@google.com,Petaluma
2020-11-17,eBooks,Understanding Arduino,17.5,2,35,gcruftsg0@fda.gov,Fresno
2020-11-17,Robot Kits,BYOR-2640S,189,3,567,ojamblinbx@ycombinator.com,Birmingham
2020-11-17,Blueprints,QuadroCopter Blueprint,10.99,3,32.97,jharborowia@rambler.ru,Dayton
2020-11-17,Drones,DTE-QFN20 Drone,250,5,1250,ysabathe34@wired.com,Huntington
2020-11-17,eBooks,Single Rotor Drones,14.99,5,74.95,iarrolog@bloglines.com,Philadelphia
2020-11-17,Robot Kits,BYOR-2640S,189,5,945,bbuncombeqn@goodreads.com,Birmingham
2020-11-17,Robot Kits,BYOR-1500,189,6,1134,larnaudonqm@uol.com.br,Denver
2020-11-17,Robot Kits,BYOR-1000,189,4,756,bleek@creativecommons.org,Memphis
2020-11-17,Training Videos,Robotic Essentials,34.99,4,139.96,kshimwell94@soup.io,Phoenix
2020-11-17,Robots,RXW-9807 Robot,599,2,1198,tpavlovnh@nps.gov,Pasadena
2020-11-18,Drone Kits,BYOD-220,69,5,345,pgoatman7m@alibaba.com,El Paso
2020-11-18,Robots,MICR-23K Robot,899,6,5394,rmikalski4q@joomla.org,Springfield
2020-11-18,Training Videos,Understanding Raspberry PI,28.99,4,115.96,sdixceekl@vkontakte.ru,Lafayette
2020-11-19,Training Videos,AI for Educators,49.95,4,199.8,gkirkhousen3@reddit.com,Anchorage
2020-11-19,Robots,RQTE-554 Robot,684,1,684,lmciverr0@linkedin.com,Lehigh Acres
2020-11-19,Training Videos,Open Source Code,32.95,4,131.8,ggallaherhm@newsvine.com,Phoenix
2020-11-19,Training Videos,Virtual Reality Basics,29.99,3,89.97,ccruzcn@ca.gov,San Francisco
2020-11-19,Robots,MICR-23K Robot,899,2,1798,bbarthode@sina.com.cn,Long Beach
2020-11-19,Blueprints,Cat Robot Blueprint,4.99,4,19.96,aburhouseke@a8.net,Winston Salem
2020-11-19,Robots,RQTE-554 Robot,684,5,3420,bgulliforded@wordpress.com,Waterbury
2020-11-19,Drone Kits,BYOD-350,89.95,3,269.85,jmatignon7o@dailymotion.com,El Paso
2020-11-20,eBooks,RTF Drones,16.99,4,67.96,egrombridge88@upenn.edu,Washington
2020-11-20,Training Videos,Understanding 3D Printing,42.99,3,128.97,sfishepe@163.com,New York City
2020-11-20,Blueprints,Sleepy Eye Blueprint,11.99,3,35.97,rcouplandgz@google.com.br,San Antonio
2020-11-20,eBooks,Polar Robots,23.99,3,71.97,ovivianhs@umich.edu,Los Angeles
2020-11-20,Blueprints,Bsquare Robot Blueprint,8.99,1,8.99,dconnelly6d@seattletimes.com,Washington
2020-11-21,eBooks,Spherical Robots,16.75,5,83.75,adallowaygg@mozilla.com,Green Bay
2020-11-21,eBooks,Helicopter Drones,20.95,4,83.8,afreynne@alexa.com,Lakeland
2020-11-21,eBooks,Articulated Robots,23.99,4,95.96,mfowlston58@mozilla.org,Washington
2020-11-22,Training Videos,Robotic Essentials,34.99,5,174.95000000000002,hmcettigenn@alibaba.com,Portsmouth
2020-11-22,Robots,RXW-9807 Robot,599,5,2995,smahomet19@thetimes.co.uk,Louisville
2020-11-23,Training Videos,Virtual Reality Basics,29.99,4,119.96,hmacelroyi7@biglobe.ne.jp,San Diego
2020-11-23,Robot Kits,BYOR-3000,214,5,1070,gmackie99@clickbank.net,Palmdale
2020-11-23,eBooks,Understanding Artificial Intelligence,19.5,3,58.5,rdevil97@feedburner.com,San Jose
2020-11-23,Blueprints,Cat Robot Blueprint,4.99,2,9.98,kgeane37@google.com.hk,Aurora
2020-11-23,Drones,DTI-84 Drone,455,6,2730,jhectores@geocities.com,Fresno
2020-11-23,eBooks,Building Your Own Drone,24.99,3,74.97,gmaclennan8b@businesswire.com,Wilkes Barre
2020-11-23,Robot Kits,BYOR-4005,245,2,490,msmullenh1@yelp.com,Charlotte
2020-11-23,Drone Kits,BYOD-350,89.95,5,449.75,hbrisleygo@telegraph.co.uk,Omaha
2020-11-24,Robots,MICR-23K Robot,899,2,1798,scamlin6x@chicagotribune.com,Des Moines
2020-11-24,eBooks,Delta Robots,16.99,4,67.96,kvasyukovfx@cnn.com,Lafayette
2020-11-25,eBooks,Delivery Drones,14.99,3,44.97,lstenhousemj@businessweek.com,Everett
2020-11-25,eBooks,Spherical Robots,16.75,4,67,crosebym3@twitter.com,Orange
2020-11-25,Training Videos,Drone Video Techniques,37.99,5,189.95000000000002,afullagarpv@tamu.edu,Schaumburg
2020-11-26,eBooks,Building Your First Robot,24.95,3,74.85,ocreanekp@nature.com,Orlando
2020-11-26,Drones,DTE-QFN20 Drone,250,3,750,awiddup44@addthis.com,Saint Paul
2020-11-26,Training Videos,AI for Educators,49.95,6,299.70000000000005,nyersonp5@mlb.com,Lafayette
2020-11-26,Blueprints,Hexacopter Drone Blueprint,8.99,5,44.95,gsprulli4@angelfire.com,Mobile
2020-11-26,Blueprints,Sleepy Eye Blueprint,11.99,2,23.98,lbhatiafi@exblog.jp,Oklahoma City
2020-11-27,Robots,MICR-23K Robot,899,2,1798,cstanionpm@photobucket.com,Hampton
2020-11-27,Robot Kits,BYOR-3000,214,4,856,vcanwell9n@buzzfeed.com,Houston
2020-11-27,Drones,DA-SA702 Drone,399,2,798,mdrayson93@stanford.edu,Tucson
2020-11-28,Drone Kits,BYOD-550,179,4,716,aolekhovn7@webmd.com,Salt Lake City
2020-11-28,Robots,RCB-889 Robot,549,5,2745,vmcfeee7@wiley.com,Detroit
2020-11-28,Training Videos,Aerial Security,36.99,5,184.95000000000002,qrozalskip7@diigo.com,Morgantown
2020-11-29,Drones,DTD-7000 Drone,450,5,2250,rslocombbh@wunderground.com,Appleton
2020-11-30,Robot Kits,BYOR-2640S,189,2,378,plampkefp@umn.edu,Carson City
2020-11-30,Drones,MICR-564K Drone,499,6,2994,bwhitemanpf@dailymail.co.uk,Spokane
2020-11-30,Robot Kits,BYOR-3000,214,4,856,lsuche3z@latimes.com,Cleveland
2020-11-30,Training Videos,Industrial 3D Printing,49,2,98,amaylin91@cbc.ca,Oklahoma City
2020-12-01,eBooks,Understanding Artificial Intelligence,19.5,2,39,jvollamlt@cam.ac.uk,El Paso
2020-12-01,Drone Kits,BYOD-500,167,2,334,aglendzafn@istockphoto.com,San Diego
2020-12-01,eBooks,Cartesian Robots,12.99,5,64.95,jhectores@geocities.com,Fresno
2020-12-02,Blueprints,Creature Robot Arms Blueprint,12,5,60,dhaddy14@slate.com,Wichita
2020-12-02,eBooks,RTF Drones,16.99,4,67.96,kbrimblecombqg@diigo.com,Washington
2020-12-02,Training Videos,Robotic Essentials,34.99,5,174.95000000000002,istronacki1@discuz.net,Sarasota
2020-12-02,Drone Kits,BYOD-400S,129.95,6,779.69999999999993,vsitchkp@phoca.cz,Fresno
2020-12-02,eBooks,RTF Drones,16.99,3,50.97,tstockings94@opera.com,Flint
2020-12-02,Robot Kits,BYOR-4005,245,1,245,pduboself@photobucket.com,Sioux City
2020-12-03,Robot Kits,BYOR-3535,225,3,675,ltippettsfq@aol.com,Harrisburg
2020-12-04,Drone Kits,BYOD-100,54,3,162,ltremellier83@hubpages.com,Los Angeles
2020-12-04,Drone Kits,BYOD-400,119,5,595,tpickworth4k@rambler.ru,Charlotte
2020-12-04,Training Videos,Robotic Essentials,34.99,5,174.95000000000002,ptomeod@cpanel.net,Amarillo
2020-12-04,Drone Kits,BYOD-550,179,5,895,ibelchem2@webmd.com,Dayton
2020-12-04,eBooks,GPS Drones,19.99,4,79.96,xhulle6v@shinystat.com,Charlotte
2020-12-04,eBooks,Delta Robots,16.99,2,33.98,scamlin6x@chicagotribune.com,Des Moines
2020-12-05,Blueprints,Sleepy Eye Blueprint,11.99,5,59.95,pduboself@photobucket.com,Sioux City
2020-12-05,Drones,MICR-564K Drone,499,4,1996,jmeritib@sphinn.com,Madison
2020-12-05,eBooks,Multi Rotor Drones,24.95,3,74.85,kcoytenm@bandcamp.com,Philadelphia
2020-12-05,Training Videos,Drone Video Techniques,37.99,5,189.95000000000002,jeasterop@tinypic.com,Washington
2020-12-05,eBooks,Building Your Own Drone,24.99,4,99.96,hbrisleygo@telegraph.co.uk,Omaha
2020-12-05,eBooks,Polar Robots,23.99,5,119.94999999999999,npulteneyeio@pcworld.com,Flint
2020-12-05,Drone Kits,BYOD-220,69,3,207,pgrigoroni8x@nbcnews.com,Bronx
2020-12-05,Training Videos,Understanding Raspberry PI,28.99,4,115.96,acalladineai@narod.ru,Trenton
2020-12-05,Drone Kits,BYOD-400S,129.95,2,259.9,astannaskh@usatoday.com,El Paso
2020-12-06,Training Videos,AI for Educators,49.95,4,199.8,dthomazetc2@merriam-webster.com,Decatur
2020-12-06,Training Videos,Drone Video Techniques,37.99,3,113.97,eholleworth6j@de.vu,Richmond
2020-12-06,Drones,MICR-564K Drone,499,2,998,rtobiasnt@alexa.com,Jamaica
2020-12-06,Training Videos,Aerial Security,36.99,3,110.97,gcoopeydc@samsung.com,Atlanta
2020-12-06,eBooks,SCARA Robots,19.5,2,39,barmfirlda5@dailymotion.com,Seattle
2020-12-07,eBooks,RTF Drones,16.99,3,50.97,abentleyx@miitbeian.gov.cn,Atlanta
2020-12-07,Blueprints,All Eyes Drone Blueprint,9.99,4,39.96,sbrando88@cpanel.net,San Diego
2020-12-07,eBooks,Multi Rotor Drones,24.95,4,99.8,lpolandmi@goodreads.com,Lexington
2020-12-07,eBooks,Cartesian Robots,12.99,3,38.97,ograithaq@bbc.co.uk,New York City
2020-12-08,Drones,DTI-84 Drone,455,4,1820,rtomkinson47@nbcnews.com,Denver
2020-12-08,Training Videos,Understanding 3D Printing,42.99,3,128.97,hskyner9o@arizona.edu,Tallahassee
2020-12-08,Drone Kits,BYOD-220,69,1,69,vhawsii@engadget.com,Sacramento
2020-12-08,Robot Kits,BYOR-4005,245,2,490,lbreukelman2q@pinterest.com,Evansville
2020-12-08,Blueprints,Creature Robot Arms Blueprint,12,3,36,barmfirlda5@dailymotion.com,Seattle
2020-12-09,Training Videos,Drone Video Techniques,37.99,3,113.97,tspavon3q@tumblr.com,Chicago
2020-12-09,eBooks,Drone Building Essentials,13.99,5,69.95,bgraceg3@nih.gov,Grand Junction
2020-12-09,Robots,RWW-75 Robot,883,2,1766,lolfordpj@marriott.com,North Las Vegas
2020-12-09,Robots,MICR-23K Robot,899,3,2697,acutcliffelh@infoseek.co.jp,Lansing
2020-12-09,Training Videos,Understanding Automation,44.95,3,134.85000000000002,ralekseev5o@elpais.com,Olympia
2020-12-09,eBooks,Delivery Drones,14.99,3,44.97,whalgarth13@bloomberg.com,Albany
2020-12-09,Training Videos,Industrial 3D Printing,49,5,245,kbrownlea7p@fema.gov,Spartanburg
2020-12-09,eBooks,Fixed Wing Drones,15.5,2,31,fmussarede6@bbc.co.uk,Pompano Beach
2020-12-10,eBooks,Spherical Robots,16.75,3,50.25,pwickeykn@noaa.gov,Young America
2020-12-10,Drones,DTE-QFN20 Drone,250,2,500,ddrysdalej8@ucoz.com,Greenville
2020-12-10,Robot Kits,BYOR-4005,245,5,1225,esemeradra@dion.ne.jp,Salt Lake City
2020-12-10,Robots,RQTE-554 Robot,684,5,3420,tgrayston7k@pagesperso-orange.fr,Atlanta
2020-12-10,Training Videos,Robotic Essentials,34.99,3,104.97,bwaiton1@geocities.com,Madison
2020-12-11,Drones,DX-145 Drone,250,5,1250,ajumonetoi@cbc.ca,Atlanta
2020-12-11,Robots,RCB-889 Robot,549,2,1098,ejobeyh3@scribd.com,South Bend
2020-12-11,eBooks,Polar Robots,23.99,4,95.96,rgreening1f@webeden.co.uk,Amarillo
2020-12-11,eBooks,RTF Drones,16.99,2,33.98,gharrild56@sogou.com,Amarillo
2020-12-11,Training Videos,Aerial Security,36.99,2,73.98,dbamsey14@admin.ch,Lake Charles
2020-12-12,Robots,RLK-9920 Robot,699,6,4194,tgianilli6c@newsvine.com,Nashville
2020-12-12,Blueprints,Hexacopter Drone Blueprint,8.99,6,53.94,blernerlv@umn.edu,Toledo
2020-12-12,Robots,RXW-9807 Robot,599,4,2396,mbaudinoav@about.com,Washington
2020-12-12,eBooks,Understanding Artificial Intelligence,19.5,4,78,aainscow1y@fastcompany.com,Seattle
2020-12-13,Training Videos,Cloud Computing,29.99,2,59.98,ndegv@sakura.ne.jp,Anniston
2020-12-13,Drones,MICR-564K Drone,499,3,1497,yharrisck@google.co.jp,Louisville
2020-12-13,eBooks,Delivery Drones,14.99,4,59.96,jbrayshayq3@flavors.me,Lubbock
2020-12-13,Drone Kits,BYOD-500,167,3,501,tlynock21@wunderground.com,Chico
2020-12-13,Training Videos,Understanding Raspberry PI,28.99,3,86.97,dconnelly6d@seattletimes.com,Washington
2020-12-13,eBooks,Spherical Robots,16.75,4,67,ddoramo8@wikipedia.org,Salt Lake City
2020-12-14,Drone Kits,BYOD-400,119,3,357,iweddeburn4p@ocn.ne.jp,Harrisburg
2020-12-14,Training Videos,Understanding Automation,44.95,6,269.70000000000005,olakesar@tripadvisor.com,Saint Petersburg
2020-12-14,eBooks,SCARA Robots,19.5,4,78,kgeneryda@howstuffworks.com,Louisville
2020-12-14,eBooks,Understanding Artificial Intelligence,19.5,2,39,dchoudhury7a@yale.edu,Seattle
2020-12-15,eBooks,RTF Drones,16.99,4,67.96,keseloj@feedburner.com,Billings
2020-12-16,Blueprints,Cat Robot Blueprint,4.99,3,14.97,ssouttarmb@senate.gov,Austin
2020-12-16,eBooks,Building Your Own Drone,24.99,1,24.99,wschmuhl5x@mediafire.com,Pasadena
2020-12-16,Drones,DTE-QFN20 Drone,250,2,500,mscholard2z@blinklist.com,Gatesville
2020-12-17,Robot Kits,BYOR-1500,189,5,945,hbrisleygo@telegraph.co.uk,Omaha
2020-12-17,Drone Kits,BYOD-550,179,3,537,lfaggad@shareasale.com,Lake Worth
2020-12-17,eBooks,Single Rotor Drones,14.99,5,74.95,aaveyl7@disqus.com,Pittsburgh
2020-12-18,Robot Kits,BYOR-1500,189,5,945,ascranny8u@tmall.com,Chicago
2020-12-18,Drones,DX-145 Drone,250,5,1250,ghanlon9e@sun.com,San Diego
2020-12-18,Blueprints,Panda Robot Blueprint,7.99,4,31.96,amyttond7@google.es,Lawrenceville
2020-12-18,eBooks,SCARA Robots,19.5,3,58.5,csandford4m@over-blog.com,Chesapeake
2020-12-18,Drones,MICR-564K Drone,499,3,1497,sfryattp4@freewebs.com,Bloomington
2020-12-19,Training Videos,Understanding Raspberry PI,28.99,3,86.97,tsailoro4@barnesandnoble.com,Las Vegas
2020-12-20,eBooks,Photograph Drones,14.99,5,74.95,tantonopoulos8f@virginia.edu,New Orleans
2020-12-20,Robots,RWW-75 Robot,883,5,4415,lfromonte9@de.vu,Birmingham
2020-12-20,Robots,RXW-9807 Robot,599,2,1198,scessfordr7@geocities.com,San Antonio
2020-12-20,Drone Kits,BYOD-500,167,3,501,mellskr@chicagotribune.com,San Antonio
2020-12-20,Robots,RQTE-554 Robot,684,5,3420,plupsonmq@cafepress.com,Sparks
2020-12-20,Robots,RQTE-554 Robot,684,4,2736,dgrimditch8i@prweb.com,Bronx
2020-12-20,Blueprints,Sleepy Eye Blueprint,11.99,3,35.97,ubrigshawkp@mac.com,Phoenix
2020-12-21,Drones,DTI-84 Drone,455,2,910,rthaxter82@intel.com,Lees Summit
2020-12-21,Robot Kits,BYOR-3535,225,2,450,jbrannanq9@ustream.tv,Dayton
2020-12-21,Training Videos,Understanding 3D Printing,42.99,2,85.98,iweddeburn4p@ocn.ne.jp,Harrisburg
2020-12-21,eBooks,SCARA Robots,19.5,4,78,kpieterg1@hibu.com,Young America
2020-12-22,Robots,MICR-23K Robot,899,6,5394,dhopewellk4@creativecommons.org,Washington
2020-12-22,Blueprints,Panda Robot Blueprint,7.99,3,23.97,rfrangello6l@icio.us,Cleveland
2020-12-22,Drones,DX-145 Drone,250,2,500,shinged4@ustream.tv,Spokane
2020-12-22,Training Videos,Understanding Automation,44.95,3,134.85000000000002,iweddeburn4p@ocn.ne.jp,Harrisburg
2020-12-22,Blueprints,Creature Robot Arms Blueprint,12,5,60,btullisjs@digg.com,Houston
2020-12-22,Blueprints,Hexacopter Drone Blueprint,8.99,3,26.97,fcaseroes@cnet.com,Peoria
2020-12-22,Training Videos,Understanding Automation,44.95,3,134.85000000000002,mwalkdenf8@springer.com,Austin
2020-12-22,Robot Kits,BYOR-1500,189,3,567,byitzhokgq@blogtalkradio.com,Albany
2020-12-22,Training Videos,Virtual Reality Basics,29.99,3,89.97,kquartermainmp@ning.com,Portsmouth
2020-12-23,eBooks,Articulated Robots,23.99,5,119.94999999999999,eblackader1@timesonline.co.uk,Stockton
2020-12-23,eBooks,Building Your Own Drone,24.99,3,74.97,ggoodere4q@scientificamerican.com,Omaha
2020-12-23,eBooks,Drone Building Essentials,13.99,4,55.96,hslarkpp@csmonitor.com,Detroit
2020-12-23,Robot Kits,BYOR-3000,214,3,642,wgrievesonoo@latimes.com,Torrance
2020-12-23,Training Videos,Industrial 3D Printing,49,4,196,mpaddell6k@jiathis.com,Hartford
2020-12-24,eBooks,GPS Drones,19.99,6,119.94,dotteyf0@scribd.com,Aiken
2020-12-24,Robot Kits,BYOR-3535,225,4,900,pkockkj@npr.org,Salinas
2020-12-24,eBooks,Spherical Robots,16.75,3,50.25,lsuche3z@latimes.com,Cleveland
2020-12-24,Training Videos,Aerial Security,36.99,3,110.97,eharmstone9d@unicef.org,College Station
2020-12-24,Robot Kits,BYOR-1500,189,3,567,lfanninou@tinypic.com,Fairfax
2020-12-24,eBooks,Delivery Drones,14.99,5,74.95,jrozanski9k@parallels.com,Oklahoma City
2020-12-25,Training Videos,Robotic Essentials,34.99,3,104.97,awiddup44@addthis.com,Saint Paul
2020-12-25,Training Videos,Understanding 3D Printing,42.99,6,257.94,klemasneyga@cpanel.net,Charleston
2020-12-25,Training Videos,Drone Video Techniques,37.99,5,189.95000000000002,htotterdillky@wordpress.org,Fort Worth
2020-12-25,Training Videos,Understanding Drone Regulations,27.5,2,55,hfontelldn@wix.com,Roanoke
2020-12-25,eBooks,Helicopter Drones,20.95,4,83.8,godonnellal@freewebs.com,Norfolk
2020-12-25,Training Videos,Aerial Security,36.99,6,221.94,rsavatieraq@answers.com,Pittsburgh
2020-12-26,Drones,DTI-84 Drone,455,3,1365,gelnerd6@sina.com.cn,Tucson
2020-12-27,Training Videos,Understanding 3D Printing,42.99,4,171.96,mphysickms@vistaprint.com,Boise
2020-12-27,Drones,DX-145 Drone,250,5,1250,tmcgarry75@narod.ru,Washington
2020-12-28,Drones,DX-145 Drone,250,3,750,jpatricheg4@paypal.com,Washington
2020-12-28,Drone Kits,BYOD-200,58.95,6,353.70000000000005,dkainzh6@freewebs.com,Albany
2020-12-28,Drone Kits,BYOD-100,54,2,108,dnockb7@ycombinator.com,Austin
2020-12-28,eBooks,SCARA Robots,19.5,5,97.5,akellawayds@github.io,Lawrenceville
2020-12-28,Blueprints,Bsquare Robot Blueprint,8.99,6,53.94,jmatuskame@ft.com,Atlanta
2020-12-28,Training Videos,Mapping with Drones,49,5,245,mbuckmaster6b@mediafire.com,Detroit
2020-12-29,Training Videos,Virtual Reality Basics,29.99,5,149.95,croughleyhg@paypal.com,Gulfport
2020-12-29,eBooks,SCARA Robots,19.5,2,39,jjohnesgq@ca.gov,North Port
2020-12-29,Blueprints,Sleepy Eye Blueprint,11.99,1,11.99,jrayhille0@chronoengine.com,Baton Rouge
2020-12-30,eBooks,Understanding Artificial Intelligence,19.5,3,58.5,cpala1d@mysql.com,Davenport
2020-12-30,Training Videos,Cloud Computing,29.99,1,29.99,hdunfordlo@amazon.co.jp,Shawnee Mission
2020-12-30,Blueprints,Cat Robot Blueprint,4.99,3,14.97,cpoole8a@europa.eu,Baltimore
2020-12-31,eBooks,Delta Robots,16.99,4,67.96,wortigerp5@noaa.gov,Hartford
2020-12-31,eBooks,SCARA Robots,19.5,3,58.5,avolkernk@pen.io,Idaho Falls
2020-12-31,Drones,DTE-QFN20 Drone,250,2,500,mjanicki6y@amazon.co.uk,Lubbock
2020-12-31,Drones,MICR-564K Drone,499,3,1497,arevettrq@boston.com,Corpus Christi
2020-12-31,Robot Kits,BYOR-3535,225,4,900,ckiesselg6@state.tx.us,Melbourne
2020-12-31,eBooks,GPS Drones,19.99,4,79.96,ggerlts9y@newsvine.com,Jamaica
2020-12-31,Blueprints,Creature Robot Arms Blueprint,12,4,48,acutcliffelh@infoseek.co.jp,Lansing
2021-01-01,Drones,DC-304 Drone,395,2,790,lgearem6@weather.com,Killeen
2021-01-01,eBooks,Delivery Drones,14.99,4,59.96,stunnowdb@soup.io,Boston
2021-01-01,eBooks,Multi Rotor Drones,24.95,5,124.75,cthrelfallih@loc.gov,Irvine
2021-01-02,Drones,DTE-QFN20 Drone,250,4,1000,apurchonep@live.com,London
2021-01-02,Robot Kits,BYOR-1500,189,1,189,cgentreauj5@ftc.gov,Tulsa
2021-01-02,Blueprints,Bsquare Robot Blueprint,8.99,3,26.97,bshillingtonn7@imageshack.us,El Paso
2021-01-02,eBooks,GPS Drones,19.99,2,39.98,mstaines96@mail.ru,Pasadena
2021-01-03,eBooks,Drone Building Essentials,13.99,3,41.97,lmccuisbj@digg.com,Lawrenceville
2021-01-03,Robots,RWW-75 Robot,883,3,2649,amyttond7@google.es,Lawrenceville
2021-01-03,Training Videos,AI for Educators,49.95,3,149.85000000000002,wbernolet9v@ft.com,Appleton
2021-01-03,Training Videos,Understanding 3D Printing,42.99,3,128.97,vkirkhousecy@squidoo.com,Boston
2021-01-03,Drone Kits,BYOD-400,119,4,476,sgeater52@mashable.com,Kansas City
2021-01-03,Robot Kits,BYOR-3000,214,4,856,dshalloo5i@redcross.org,Yakima
2021-01-04,Drones,MICR-564K Drone,499,2,998,ddabinettba@ameblo.jp,Indianapolis
2021-01-04,Training Videos,Mapping with Drones,49,5,245,abernaertc9@newyorker.com,Albuquerque
2021-01-04,eBooks,Articulated Robots,23.99,1,23.99,nvalentinuzzi9g@jigsy.com,Toledo
2021-01-04,eBooks,Cartesian Robots,12.99,3,38.97,sshaftolx@hostgator.com,Toledo
2021-01-04,Drones,DX-145 Drone,250,2,500,gokeshottqp@ning.com,Norfolk
2021-01-04,eBooks,Helicopter Drones,20.95,5,104.75,aruvel1u@vk.com,Sparks
2021-01-04,Drone Kits,BYOD-350,89.95,4,359.8,tfaye3w@newsvine.com,Jersey City
2021-01-04,Drone Kits,BYOD-500,167,2,334,eheatherington2p@google.fr,Omaha
2021-01-04,eBooks,Building Your First Robot,24.95,5,124.75,rgeorgelin5v@istockphoto.com,Brooklyn
2021-01-05,Training Videos,Aerial Security,36.99,2,73.98,eandrejevic2i@people.com.cn,Birmingham
2021-01-05,eBooks,Fixed Wing Drones,15.5,3,46.5,amcgeorgeog@wp.com,Joliet
2021-01-05,eBooks,Spherical Robots,16.75,3,50.25,jkinvand4@yale.edu,Harrisburg
2021-01-05,Training Videos,Understanding Raspberry PI,28.99,3,86.97,cmcilwreathl2@youku.com,Salt Lake City
2021-01-06,eBooks,Fixed Wing Drones,15.5,4,62,wgobeauk5@un.org,Reno
2021-01-06,Drone Kits,BYOD-400,119,2,238,kbonnetmg@google.com.br,Los Angeles
2021-01-06,Blueprints,Bsquare Robot Blueprint,8.99,2,17.98,bandrickao@smugmug.com,Sterling
2021-01-07,eBooks,Fixed Wing Drones,15.5,3,46.5,agrzelewskimt@intel.com,Tucson
2021-01-07,Training Videos,Drone Video Techniques,37.99,2,75.98,jjackwaysgw@wiley.com,Jamaica
2021-01-07,Robot Kits,BYOR-3000,214,4,856,ralekseev5o@elpais.com,Olympia
2021-01-08,Drones,DTI-84 Drone,455,3,1365,jhambelton76@moonfruit.com,Riverside
2021-01-08,Drones,DTE-QFN20 Drone,250,5,1250,gmalbon26@auda.org.au,Louisville
2021-01-09,Drones,DTI-84 Drone,455,4,1820,hlemmanbie20@canalblog.com,Phoenix
2021-01-09,Drones,DTE-QFN20 Drone,250,4,1000,sburmaster31@mashable.com,Beaufort
2021-01-09,eBooks,Photograph Drones,14.99,1,14.99,atrenfieldf6@nba.com,Boston
2021-01-09,eBooks,Multi Rotor Drones,24.95,5,124.75,tbenezeits@ucoz.com,Spokane
2021-01-10,Drones,DX-145 Drone,250,2,500,hskyner9o@arizona.edu,Tallahassee
2021-01-11,Robots,MICR-23K Robot,899,6,5394,lkubatsch2v@tamu.edu,Fort Smith
2021-01-11,eBooks,Fixed Wing Drones,15.5,3,46.5,cklugerlg@sfgate.com,San Diego
2021-01-11,Training Videos,Cloud Computing,29.99,3,89.97,bchattingtonkm@un.org,Lancaster
2021-01-11,Drones,DTD-7000 Drone,450,6,2700,rmarchandhj@google.ru,Greeley
2021-01-11,eBooks,Photograph Drones,14.99,4,59.96,callderhy@oaic.gov.au,Springfield
2021-01-11,Robot Kits,BYOR-1000,189,3,567,imcshirrie2f@squidoo.com,Hot Springs National Park
2021-01-11,eBooks,GPS Drones,19.99,4,79.96,cmayworthi2@time.com,Juneau
2021-01-12,Training Videos,Understanding 3D Printing,42.99,4,171.96,aheggeg1@yellowpages.com,Columbus
2021-01-12,Robots,RXW-9807 Robot,599,3,1797,jredwin34@joomla.org,Columbia
2021-01-12,Robots,MICR-23K Robot,899,5,4495,dmccourtie4s@vistaprint.com,San Rafael
2021-01-12,Training Videos,Mapping with Drones,49,4,196,mstovin3z@indiegogo.com,Houston
2021-01-12,Robot Kits,BYOR-3535,225,5,1125,rdermotm7@spotify.com,Washington
2021-01-13,Blueprints,Sleepy Eye Blueprint,11.99,5,59.95,blampkinw@ihg.com,San Diego
2021-01-13,eBooks,Fixed Wing Drones,15.5,4,62,prollasoneg@washingtonpost.com,Lancaster
2021-01-13,Blueprints,Ladybug Robot Blueprint,12,5,60,oditernu@shutterfly.com,Tallahassee
2021-01-13,eBooks,Delta Robots,16.99,3,50.97,kpriumd9@clickbank.net,Norfolk
2021-01-13,Blueprints,Bsquare Robot Blueprint,8.99,3,26.97,twest8o@friendfeed.com,Mobile
2021-01-13,Blueprints,Hexacopter Drone Blueprint,8.99,3,26.97,delnorm2@earthlink.net,Peoria
2021-01-13,Robot Kits,BYOR-4005,245,5,1225,cbarker7t@clickbank.net,Saint Petersburg
2021-01-13,Training Videos,Robotic Essentials,34.99,5,174.95000000000002,mdeniscc@angelfire.com,Montgomery
2021-01-14,eBooks,Articulated Robots,23.99,4,95.96,sbulled7p@hibu.com,Pasadena
2021-01-14,Drones,DC-304 Drone,395,2,790,iduredengd@github.com,Pittsburgh
2021-01-14,Blueprints,All Eyes Drone Blueprint,9.99,2,19.98,sbrando88@cpanel.net,San Diego
2021-01-14,eBooks,Photograph Drones,14.99,6,89.94,mabelwhitecs@yahoo.com,Vero Beach
2021-01-14,Blueprints,All Eyes Drone Blueprint,9.99,2,19.98,brapperl4@va.gov,Buffalo
2021-01-15,Robot Kits,BYOR-2640S,189,5,945,jby72@ow.ly,Albany
2021-01-15,Drone Kits,BYOD-100,54,5,270,agawthrope1v@intel.com,Jacksonville
2021-01-15,Blueprints,Cat Robot Blueprint,4.99,5,24.950000000000003,fpow1y@mlb.com,Columbus
2021-01-15,Blueprints,All Eyes Drone Blueprint,9.99,1,9.99,fkolodziejskie@about.com,Chicago
2021-01-15,Training Videos,AI for Educators,49.95,4,199.8,jliddleiv@skype.com,Lexington
2021-01-16,Drone Kits,BYOD-300,89,6,534,fwardroperhw@domainmarket.com,Riverside
2021-01-16,eBooks,Building Your First Robot,24.95,4,99.8,cmcilwreathl2@youku.com,Salt Lake City
2021-01-16,Blueprints,Hexacopter Drone Blueprint,8.99,4,35.96,idyson1n@toplist.cz,Plano
2021-01-16,Drone Kits,BYOD-220,69,1,69,pjermeyqp@hugedomains.com,Santa Fe
2021-01-16,eBooks,Polar Robots,23.99,2,47.98,rhebner7v@hugedomains.com,Irvine
2021-01-16,Robots,RXW-9807 Robot,599,1,599,qrozalskip7@diigo.com,Morgantown
2021-01-16,Training Videos,Drone Video Techniques,37.99,1,37.99,eroelofsl6@trellian.com,Indianapolis
2021-01-17,Training Videos,Aerial Security,36.99,5,184.95000000000002,cstedmanby@prnewswire.com,Sacramento
2021-01-17,Robots,RQTE-554 Robot,684,3,2052,afanning12@dmoz.org,Arlington
2021-01-17,Training Videos,Virtual Reality Basics,29.99,3,89.97,lwakeforda@reuters.com,Greenville
2021-01-17,eBooks,Delta Robots,16.99,6,101.94,emergue9q@nhs.uk,Greensboro
2021-01-17,Robot Kits,BYOR-3000,214,3,642,iasman6a@wired.com,Pasadena
2021-01-17,Blueprints,Sleepy Eye Blueprint,11.99,1,11.99,dhothersallp6@dell.com,Oklahoma City
2021-01-18,Drones,MICR-564K Drone,499,2,998,amerlindg@google.es,Tucson
2021-01-18,Robots,RLK-9920 Robot,699,3,2097,ekennaway61@gnu.org,Miami
2021-01-18,Robot Kits,BYOR-4005,245,2,490,kmcculleykh@boston.com,Jackson
2021-01-18,Drones,DA-SA702 Drone,399,2,798,agenders72@virginia.edu,Silver Spring
2021-01-18,Training Videos,Virtual Reality Basics,29.99,2,59.98,kgeneryda@howstuffworks.com,Louisville
2021-01-19,Drones,DTE-QFN20 Drone,250,5,1250,dgiffard72@aboutads.info,Syracuse
2021-01-19,Training Videos,Open Source Code,32.95,2,65.9,areckkc@blogspot.com,San Diego
2021-01-19,Drone Kits,BYOD-200,58.95,4,235.8,ktipplekm@chicagotribune.com,Detroit
2021-01-19,Drone Kits,BYOD-350,89.95,6,539.7,vde2y@sciencedirect.com,Philadelphia
2021-01-20,Training Videos,Understanding Drone Regulations,27.5,3,82.5,bdi6g@aol.com,San Bernardino
2021-01-21,eBooks,Spherical Robots,16.75,1,16.75,twest8o@friendfeed.com,Mobile
2021-01-21,Training Videos,AI for Educators,49.95,6,299.70000000000005,ibelfelteo@dedecms.com,Chicago
2021-01-21,eBooks,Delivery Drones,14.99,3,44.97,aanfussojg@t-online.de,Cedar Rapids
2021-01-21,Training Videos,Open Source Code,32.95,1,32.95,wfidelerfc@elpais.com,Meridian
2021-01-22,eBooks,Understanding Artificial Intelligence,19.5,6,117,cmcgrathn8@aol.com,Baton Rouge
2021-01-22,eBooks,Multi Rotor Drones,24.95,3,74.85,driccardinijb@eventbrite.com,Decatur
2021-01-22,eBooks,Drone Building Essentials,13.99,4,55.96,cstaigrp@wordpress.org,Manchester
2021-01-22,Robots,RQTE-554 Robot,684,2,1368,samblerrf@dagondesign.com,Pittsburgh
2021-01-22,Drones,DC-304 Drone,395,4,1580,ncordayee@boston.com,Philadelphia
2021-01-22,eBooks,Articulated Robots,23.99,5,119.94999999999999,gdykes98@prlog.org,Portsmouth
2021-01-22,Drone Kits,BYOD-400,119,4,476,fmartinil2@ucoz.ru,Chicago
2021-01-22,Training Videos,Mapping with Drones,49,3,147,kmacteaguec4@uiuc.edu,Houston
2021-01-23,eBooks,Building Your Own Drone,24.99,4,99.96,ajumonetoi@cbc.ca,Atlanta
2021-01-23,Robot Kits,BYOR-2640S,189,4,756,dtondeura@baidu.com,Longview
2021-01-23,eBooks,Polar Robots,23.99,3,71.97,rcullip99@hubpages.com,Seattle
2021-01-23,Robots,RXW-9807 Robot,599,4,2396,beppkl@latimes.com,Bradenton
2021-01-24,Training Videos,Understanding Automation,44.95,2,89.9,kicomci@digg.com,Troy
2021-01-24,eBooks,Articulated Robots,23.99,5,119.94999999999999,hdonaldsonnr@myspace.com,Springfield
2021-01-24,eBooks,Photograph Drones,14.99,4,59.96,lditchnu@mlb.com,Beaufort
2021-01-24,Drones,DTI-84 Drone,455,4,1820,ttoulchi5@ehow.com,Phoenix
2021-01-24,Training Videos,Understanding Raspberry PI,28.99,4,115.96,tgumby1g@arstechnica.com,Trenton
2021-01-24,Drones,DC-304 Drone,395,5,1975,bgirardipx@istockphoto.com,Bonita Springs
2021-01-24,Drone Kits,BYOD-300,89,2,178,gbourhill5q@woothemes.com,Houston
2021-01-24,Drone Kits,BYOD-300,89,2,178,nlyptradels@usa.gov,El Paso
2021-01-24,Drones,DA-SA702 Drone,399,2,798,jsethkt@google.fr,Houston
2021-01-24,Robot Kits,BYOR-3000,214,4,856,ddodgeob@google.cn,San Diego
2021-01-24,Drone Kits,BYOD-200,58.95,5,294.75,clowth9p@rakuten.co.jp,New York City
2021-01-24,Blueprints,Panda Robot Blueprint,7.99,2,15.98,lmccomiskiemr@whitehouse.gov,Honolulu
2021-01-24,Training Videos,Cloud Computing,29.99,2,59.98,acoggeshalloz@ucoz.com,Tallahassee
2021-01-25,eBooks,Fixed Wing Drones,15.5,6,93,cloinsjc@mail.ru,Oklahoma City
2021-01-25,Drone Kits,BYOD-500,167,2,334,wurenec@uiuc.edu,Dayton
2021-01-25,Blueprints,QuadroCopter Blueprint,10.99,3,32.97,nhukin15@sourceforge.net,Ventura
2021-01-25,eBooks,Single Rotor Drones,14.99,1,14.99,flowdeaneb7@google.ca,Birmingham
2021-01-25,Drone Kits,BYOD-350,89.95,2,179.9,dhoultek@exblog.jp,Los Angeles
2021-01-26,Training Videos,Understanding Raspberry PI,28.99,3,86.97,kpriumd9@clickbank.net,Norfolk
2021-01-26,Drone Kits,BYOD-400S,129.95,2,259.9,tantonopoulos8f@virginia.edu,New Orleans
2021-01-26,Training Videos,Robotic Essentials,34.99,3,104.97,rthaxter82@intel.com,Lees Summit
2021-01-26,eBooks,Drone Building Essentials,13.99,2,27.98,dlinzee4e@wsj.com,Tacoma
2021-01-26,Robot Kits,BYOR-2640S,189,3,567,acutcliffelh@infoseek.co.jp,Lansing
2021-01-27,Drone Kits,BYOD-300,89,2,178,wtippelldy@cdc.gov,Los Angeles
2021-01-27,Robots,RLK-9920 Robot,699,4,2796,clawful9l@tinypic.com,Austin
2021-01-27,Drone Kits,BYOD-400S,129.95,3,389.84999999999997,badamssonfa@webeden.co.uk,Louisville
2021-01-27,Robots,RXW-9807 Robot,599,5,2995,mjanicki6y@amazon.co.uk,Lubbock
2021-01-28,Training Videos,Understanding Automation,44.95,4,179.8,kdejf@trellian.com,Cincinnati
2021-01-28,Training Videos,Drone Video Techniques,37.99,4,151.96,dtilbey5p@ow.ly,San Francisco
2021-01-29,Blueprints,QuadroCopter Blueprint,10.99,2,21.98,kdjurdjevicim@harvard.edu,Mobile
2021-01-29,Drones,DTI-84 Drone,455,3,1365,msuggettgh@php.net,Cincinnati
2021-01-29,eBooks,Articulated Robots,23.99,6,143.94,dagronskiq9@surveymonkey.com,Clearwater
2021-01-29,eBooks,Articulated Robots,23.99,2,47.98,dparysowna48@multiply.com,Lexington
2021-01-29,Robot Kits,BYOR-4005,245,3,735,wellinghamho@npr.org,Buffalo
2021-01-29,Blueprints,All Eyes Drone Blueprint,9.99,5,49.95,jginley9y@seesaa.net,Dayton
2021-01-29,Drone Kits,BYOD-550,179,6,1074,zstanes3a@google.com,Des Moines
2021-01-29,Drones,DC-304 Drone,395,4,1580,sbroadstocklo@hao123.com,Santa Monica
2021-01-30,Drone Kits,BYOD-550,179,2,358,cbaylessm3@mayoclinic.com,Charleston
2021-01-30,Drone Kits,BYOD-200,58.95,4,235.8,dshalloo5i@redcross.org,Yakima
2021-01-30,Robot Kits,BYOR-1000,189,2,378,tarchnl@gnu.org,Peoria
2021-01-30,eBooks,SCARA Robots,19.5,6,117,flowdeaneb7@google.ca,Birmingham
2021-01-30,eBooks,Drone Building Essentials,13.99,4,55.96,bmedewaylp@dailymotion.com,San Francisco
2021-01-31,Training Videos,Robotic Essentials,34.99,6,209.94,rborlanddf@guardian.co.uk,Houston
2021-01-31,Training Videos,Industrial 3D Printing,49,5,245,sbroadstocklo@hao123.com,Santa Monica
2021-01-31,eBooks,Building Your Own Drone,24.99,4,99.96,cgillionm7@cdc.gov,Houston
2021-01-31,Training Videos,Drone Video Techniques,37.99,4,151.96,ccassellq3@japanpost.jp,Cambridge
2021-01-31,eBooks,Cartesian Robots,12.99,1,12.99,opunchm8@123-reg.co.uk,Alexandria
2021-01-31,eBooks,Cartesian Robots,12.99,4,51.96,ghaethj@npr.org,Seattle
2021-01-31,eBooks,Single Rotor Drones,14.99,3,44.97,dburnistondv@nymag.com,Evansville
2021-02-01,Robot Kits,BYOR-1000,189,3,567,rthaxter82@intel.com,Lees Summit
2021-02-01,Blueprints,Hexacopter Drone Blueprint,8.99,4,35.96,asommersettce@list-manage.com,Reston
2021-02-01,Drone Kits,BYOD-200,58.95,3,176.85000000000002,iweddeburn4p@ocn.ne.jp,Harrisburg
2021-02-01,Drone Kits,BYOD-300,89,3,267,ecleworthcq@hp.com,Columbus
2021-02-02,eBooks,GPS Drones,19.99,5,99.949999999999989,jmcmanamenex@indiegogo.com,San Antonio
2021-02-02,Drone Kits,BYOD-220,69,5,345,abyrthrb@mac.com,Corpus Christi
2021-02-02,eBooks,Delta Robots,16.99,3,50.97,cmelettifh@tripadvisor.com,Waterloo
2021-02-02,Blueprints,Cat Robot Blueprint,4.99,2,9.98,mjoberneh5@cam.ac.uk,Houston
2021-02-03,eBooks,Understanding Arduino,17.5,2,35,ttrowel3@joomla.org,Hagerstown
2021-02-03,eBooks,Building Your Own Drone,24.99,4,99.96,cellesgw@barnesandnoble.com,San Diego
2021-02-04,Robots,RCB-889 Robot,549,5,2745,dnockb7@ycombinator.com,Austin
2021-02-04,Robot Kits,BYOR-4005,245,3,735,lbreukelman2q@pinterest.com,Evansville
2021-02-04,Robots,RQTE-554 Robot,684,4,2736,cvanaw@creativecommons.org,El Paso
2021-02-05,Drone Kits,BYOD-500,167,5,835,nmcsperronj7@miitbeian.gov.cn,Los Angeles
2021-02-05,Blueprints,Bsquare Robot Blueprint,8.99,3,26.97,nuppett2w@redcross.org,Boston
2021-02-05,Drones,DC-304 Drone,395,4,1580,cthrelfallih@loc.gov,Irvine
2021-02-05,Drones,DC-304 Drone,395,6,2370,sobu@squarespace.com,Phoenix
2021-02-06,eBooks,Delta Robots,16.99,2,33.98,wmizzenjm@go.com,Youngstown
2021-02-06,Training Videos,Cloud Computing,29.99,2,59.98,masprayr8@shareasale.com,Minneapolis
2021-02-06,Drone Kits,BYOD-500,167,3,501,acumberpatch25@sfgate.com,Toledo
2021-02-06,Robots,MICR-23K Robot,899,4,3596,imackeoghhh@foxnews.com,Washington
2021-02-06,eBooks,Articulated Robots,23.99,2,47.98,tburnhamsqb@deviantart.com,Baltimore
2021-02-06,eBooks,Multi Rotor Drones,24.95,3,74.85,rmcmurtyray@dot.gov,Albany
2021-02-07,Robot Kits,BYOR-1500,189,3,567,ebelamyq5@t-online.de,Denver
2021-02-07,Drone Kits,BYOD-400S,129.95,4,519.8,gmander4i@biblegateway.com,Boise
2021-02-07,eBooks,Understanding Artificial Intelligence,19.5,2,39,nbritonax@miibeian.gov.cn,San Jose
2021-02-07,eBooks,SCARA Robots,19.5,3,58.5,iwasielaal@amazon.co.jp,Houston
2021-02-08,Training Videos,Understanding 3D Printing,42.99,3,128.97,afairpoge@joomla.org,Albany
2021-02-08,Blueprints,Cat Robot Blueprint,4.99,5,24.950000000000003,eweedeneb@google.ca,Erie
2021-02-08,eBooks,Multi Rotor Drones,24.95,5,124.75,hfurnivall1@bing.com,Round Rock
2021-02-08,Drone Kits,BYOD-220,69,1,69,gtolomioo@ebay.co.uk,Lexington
2021-02-08,eBooks,Spherical Robots,16.75,3,50.25,mrodmellaf@feedburner.com,Salt Lake City
2021-02-08,Drone Kits,BYOD-400,119,3,357,rattenbrowb9@jigsy.com,Aurora
2021-02-08,eBooks,Helicopter Drones,20.95,3,62.849999999999994,bwaszczykpm@fda.gov,San Antonio
2021-02-08,Robots,RXW-9807 Robot,599,5,2995,ksteershp@ameblo.jp,San Diego
2021-02-09,Drone Kits,BYOD-550,179,3,537,awoodruffo@techcrunch.com,Rochester
2021-02-09,Training Videos,Cloud Computing,29.99,3,89.97,bcrowthergs@cyberchimps.com,Tucson
2021-02-09,eBooks,Cartesian Robots,12.99,5,64.95,eabelsrh@domainmarket.com,Charlotte
2021-02-09,Drone Kits,BYOD-220,69,2,138,faron9f@51.la,San Diego
2021-02-10,eBooks,Helicopter Drones,20.95,3,62.849999999999994,lbleimanl4@alexa.com,Tampa
2021-02-10,eBooks,Polar Robots,23.99,5,119.94999999999999,gclaitonrh@marketwatch.com,Portland
2021-02-10,Robots,RXW-9807 Robot,599,2,1198,ebyrdcf@twitter.com,Oklahoma City
2021-02-10,eBooks,SCARA Robots,19.5,3,58.5,ahaversham6f@abc.net.au,Oakland
2021-02-11,Drone Kits,BYOD-100,54,3,162,genochef@networkadvertising.org,Zephyrhills
2021-02-11,Blueprints,All Eyes Drone Blueprint,9.99,3,29.97,dtorrecilla46@indiegogo.com,Charlotte
2021-02-11,eBooks,Helicopter Drones,20.95,2,41.9,sinstrell7v@newyorker.com,Norwalk
2021-02-11,Blueprints,Ladybug Robot Blueprint,12,3,36,pmenendezcv@squarespace.com,Galveston
2021-02-12,Blueprints,Cat Robot Blueprint,4.99,2,9.98,cgallehockkf@xinhuanet.com,Denver
2021-02-12,Blueprints,Sleepy Eye Blueprint,11.99,5,59.95,hantonetti31@wix.com,Chattanooga
2021-02-12,eBooks,SCARA Robots,19.5,5,97.5,cpala1d@mysql.com,Davenport
2021-02-12,Robots,RXW-9807 Robot,599,6,3594,lmcgarveyfn@unesco.org,Austin
2021-02-12,Training Videos,Understanding Automation,44.95,5,224.75,mdibenn6@blogger.com,Sarasota
2021-02-12,eBooks,GPS Drones,19.99,2,39.98,abrende6e@harvard.edu,Little Rock
2021-02-13,eBooks,Delivery Drones,14.99,3,44.97,ibelfelteo@dedecms.com,Chicago
2021-02-13,Robot Kits,BYOR-1500,189,2,378,bfoortdl@vimeo.com,Philadelphia
2021-02-13,Blueprints,Bsquare Robot Blueprint,8.99,5,44.95,ccrowtherlf@huffingtonpost.com,Pasadena
2021-02-13,eBooks,Understanding Artificial Intelligence,19.5,4,78,morodaneac@furl.net,San Francisco
2021-02-13,eBooks,Polar Robots,23.99,4,95.96,dbernsgt@soundcloud.com,Virginia Beach
2021-02-13,Robot Kits,BYOR-1000,189,5,945,ofedoronkonk@salon.com,Sunnyvale
2021-02-13,eBooks,Building Your First Robot,24.95,3,74.85,tpegden7c@google.de,Denver
2021-02-13,Blueprints,Ladybug Robot Blueprint,12,6,72,ralekseev5o@elpais.com,Olympia
2021-02-13,Drone Kits,BYOD-220,69,3,207,aarendsenpl@state.tx.us,Prescott
2021-02-14,Drones,DC-304 Drone,395,2,790,rchristoffelw@so-net.ne.jp,Baltimore
2021-02-14,Drones,DTE-QFN20 Drone,250,4,1000,nvalentinuzzi9g@jigsy.com,Toledo
2021-02-14,eBooks,Building Your First Robot,24.95,2,49.9,ncordayee@boston.com,Philadelphia
2021-02-14,Robot Kits,BYOR-4005,245,5,1225,jmasseic9@google.it,Waterbury
2021-02-14,Blueprints,Sleepy Eye Blueprint,11.99,3,35.97,vmacmurrayks@cpanel.net,Lancaster
2021-02-15,eBooks,SCARA Robots,19.5,3,58.5,hfaulconerbv@msu.edu,Galveston
2021-02-15,Training Videos,Robotic Essentials,34.99,4,139.96,achesnaymo@ebay.com,Battle Creek
2021-02-15,Robots,MICR-23K Robot,899,1,899,mkitchinghan5p@utexas.edu,Phoenix
2021-02-15,Drone Kits,BYOD-500,167,3,501,ffidellfz@wordpress.com,Charlotte
2021-02-15,Drone Kits,BYOD-100,54,5,270,dpennellsju@businessweek.com,Tucson
2021-02-15,eBooks,Cartesian Robots,12.99,3,38.97,svassie59@cam.ac.uk,San Jose
2021-02-15,Training Videos,Virtual Reality Basics,29.99,3,89.97,cklugerlg@sfgate.com,San Diego
2021-02-16,Training Videos,Drone Video Techniques,37.99,2,75.98,dhoultek@exblog.jp,Los Angeles
2021-02-16,Drones,DTI-84 Drone,455,4,1820,mstovin3z@indiegogo.com,Houston
2021-02-16,Blueprints,Ladybug Robot Blueprint,12,3,36,manningh7@nifty.com,Wilmington
2021-02-16,Training Videos,Understanding Drone Regulations,27.5,2,55,zmachoncf@rediff.com,Hot Springs National Park
2021-02-16,Drone Kits,BYOD-300,89,4,356,mbaumer2@wikispaces.com,Denver
2021-02-16,Blueprints,All Eyes Drone Blueprint,9.99,4,39.96,ihalei4@nifty.com,Tampa
2021-02-16,eBooks,Drone Building Essentials,13.99,4,55.96,lormesn9@smh.com.au,Carol Stream
2021-02-16,Drone Kits,BYOD-500,167,3,501,tferronibc@instagram.com,Des Moines
2021-02-17,Robots,RQTE-554 Robot,684,4,2736,jbrayshayq3@flavors.me,Lubbock
2021-02-17,Robots,RLK-9920 Robot,699,3,2097,tlewisham51@intel.com,Washington
2021-02-18,Drones,DTD-7000 Drone,450,2,900,ggoodere4q@scientificamerican.com,Omaha
2021-02-18,eBooks,GPS Drones,19.99,4,79.96,ulamboll9z@sciencedirect.com,Fresno
2021-02-18,Robot Kits,BYOR-4005,245,3,735,cpala1d@mysql.com,Davenport
2021-02-18,Training Videos,AI for Educators,49.95,4,199.8,rsunshineln@cdc.gov,Orange
2021-02-19,Drones,DTD-7000 Drone,450,4,1800,egrigoree2@51.la,Orlando
2021-02-19,Robots,RQTE-554 Robot,684,3,2052,gmatevosianhe@domainmarket.com,Kansas City
2021-02-20,Training Videos,Aerial Security,36.99,5,184.95000000000002,ajentzschl1@de.vu,Fullerton
2021-02-20,Drone Kits,BYOD-350,89.95,2,179.9,bpettisallnx@usatoday.com,San Antonio
2021-02-20,Robots,RQTE-554 Robot,684,4,2736,aharriagnfu@google.ru,Houston
2021-02-21,Training Videos,Understanding Raspberry PI,28.99,2,57.98,aeschalotteih@virginia.edu,El Paso
2021-02-21,Training Videos,AI for Educators,49.95,3,149.85000000000002,mmcconnell2h@ning.com,Prescott
2021-02-21,eBooks,Polar Robots,23.99,5,119.94999999999999,bwaiton1@geocities.com,Madison
2021-02-21,Drone Kits,BYOD-200,58.95,3,176.85000000000002,bcasier9v@tamu.edu,Whittier
2021-02-22,Robots,MICR-23K Robot,899,3,2697,ssteuhlmeyer35@vimeo.com,Albuquerque
2021-02-22,eBooks,Delivery Drones,14.99,3,44.97,akingaby78@deviantart.com,West Palm Beach
2021-02-22,eBooks,Building Your Own Drone,24.99,3,74.97,churticoc@infoseek.co.jp,Oklahoma City
2021-02-22,eBooks,Spherical Robots,16.75,1,16.75,nduplain50@stanford.edu,Corpus Christi
2021-02-22,eBooks,Fixed Wing Drones,15.5,2,31,challiburtonjx@wordpress.com,Anchorage
2021-02-22,eBooks,Understanding Artificial Intelligence,19.5,4,78,tpulferql@wsj.com,New Orleans
2021-02-22,Drone Kits,BYOD-220,69,2,138,arelfro@dion.ne.jp,Pittsburgh
2021-02-23,Blueprints,Ladybug Robot Blueprint,12,4,48,gclaitonrh@marketwatch.com,Portland
2021-02-23,Drones,DC-304 Drone,395,1,395,rwinship67@ox.ac.uk,Sioux Falls
2021-02-23,eBooks,Polar Robots,23.99,4,95.96,mwoodfordez@microsoft.com,Brooklyn
2021-02-23,Training Videos,Industrial 3D Printing,49,5,245,lchippindallnr@reddit.com,Washington
2021-02-23,Robot Kits,BYOR-2640S,189,4,756,llockner5c@pen.io,Lubbock
2021-02-24,eBooks,Spherical Robots,16.75,3,50.25,bbluesnx@scientificamerican.com,Springfield
2021-02-24,Blueprints,Cat Robot Blueprint,4.99,4,19.96,tzannimc@umich.edu,Duluth
2021-02-24,Robots,RLK-9920 Robot,699,3,2097,cbourthoumieuxlg@behance.net,Montgomery
2021-02-24,Blueprints,Cat Robot Blueprint,4.99,1,4.99,avolkernk@pen.io,Idaho Falls
2021-02-24,Drones,DA-SA702 Drone,399,5,1995,ahardym@soup.io,Madison
2021-02-25,Blueprints,Ladybug Robot Blueprint,12,5,60,azappeley@intel.com,Fort Wayne
2021-02-25,Blueprints,Panda Robot Blueprint,7.99,5,39.95,aroadknightmu@hud.gov,Saint Louis
2021-02-25,Drones,DTE-QFN20 Drone,250,2,500,vdilgarno2u@360.cn,Atlanta
2021-02-25,Training Videos,Understanding 3D Printing,42.99,3,128.97,mpatey9h@barnesandnoble.com,San Jose
2021-02-25,Training Videos,Drone Video Techniques,37.99,2,75.98,lfreschini59@histats.com,Minneapolis
2021-02-25,Blueprints,Panda Robot Blueprint,7.99,4,31.96,mellskr@chicagotribune.com,San Antonio
2021-02-26,eBooks,Drone Building Essentials,13.99,6,83.94,bfoortdl@vimeo.com,Philadelphia
2021-02-26,eBooks,Single Rotor Drones,14.99,3,44.97,thails9l@theglobeandmail.com,Saint Louis
2021-02-26,Drones,DA-SA702 Drone,399,5,1995,acumberpatch25@sfgate.com,Toledo
2021-02-26,eBooks,Articulated Robots,23.99,5,119.94999999999999,aloughmanmb@devhub.com,Jamaica
2021-02-26,Drones,DX-145 Drone,250,6,1500,echantreeou@hp.com,Bakersfield
2021-02-27,Training Videos,Open Source Code,32.95,1,32.95,browlesiq@godaddy.com,Madison
2021-02-27,Robot Kits,BYOR-4005,245,2,490,dmacintoshv@unesco.org,Washington
2021-02-27,Robots,RLK-9920 Robot,699,2,1398,tcuniampb@smugmug.com,Bakersfield
2021-02-28,Drones,DTI-84 Drone,455,6,2730,ngeffcock6z@weebly.com,Nashville
2021-02-28,Robot Kits,BYOR-1000,189,4,756,mgales3v@123-reg.co.uk,Alhambra
2021-02-28,Drone Kits,BYOD-350,89.95,4,359.8,thonig4c@google.ru,Maple Plain
2021-02-28,Training Videos,Understanding 3D Printing,42.99,3,128.97,rsneden5y@dailymail.co.uk,Des Moines
2021-03-01,Drone Kits,BYOD-400S,129.95,5,649.75,mmenlovelb@sbwire.com,Fresno
2021-03-01,Drone Kits,BYOD-500,167,3,501,ddrysdalej8@ucoz.com,Greenville
2021-03-01,Drones,DTD-7000 Drone,450,2,900,mlillford24@yelp.com,Toledo
2021-03-01,Drones,DTI-84 Drone,455,4,1820,alockleyn8@behance.net,Dayton
2021-03-01,Robots,RCB-889 Robot,549,4,2196,vrennocks5n@ow.ly,Evansville
2021-03-01,Training Videos,Drone Video Techniques,37.99,3,113.97,jspurettt@exblog.jp,Columbus
2021-03-01,Drone Kits,BYOD-300,89,4,356,sojf@businessinsider.com,Omaha
2021-03-01,Drones,DC-304 Drone,395,2,790,awalklott49@independent.co.uk,Tuscaloosa
2021-03-01,Drone Kits,BYOD-500,167,2,334,ggheorghieox@washingtonpost.com,Houston
2021-03-02,Training Videos,Industrial 3D Printing,49,2,98,torsman16@quantcast.com,Muncie
2021-03-02,Robot Kits,BYOR-3535,225,3,675,owisbeyr9@microsoft.com,Carol Stream
2021-03-02,Training Videos,Aerial Security,36.99,4,147.96,iduredengd@github.com,Pittsburgh
2021-03-02,Blueprints,Sleepy Eye Blueprint,11.99,4,47.96,hwissbypy@msu.edu,Chicago
2021-03-03,Robots,RXW-9807 Robot,599,2,1198,ahaversham6f@abc.net.au,Oakland
2021-03-03,Robot Kits,BYOR-3535,225,2,450,rbevirnj@blogspot.com,Houston
2021-03-03,Drone Kits,BYOD-350,89.95,2,179.9,dbabber48@nytimes.com,San Francisco
2021-03-04,Training Videos,Understanding Automation,44.95,6,269.70000000000005,rmccookma@studiopress.com,Worcester
2021-03-04,eBooks,Delivery Drones,14.99,4,59.96,pfranken1o@ihg.com,Topeka
2021-03-04,eBooks,Delta Robots,16.99,4,67.96,zrossettii7@wordpress.org,Washington
2021-03-04,eBooks,Polar Robots,23.99,3,71.97,ncarlile37@mit.edu,Oklahoma City
2021-03-04,eBooks,Understanding Artificial Intelligence,19.5,2,39,abernaertc9@newyorker.com,Albuquerque
2021-03-05,Drone Kits,BYOD-220,69,4,276,bscoginm3@yelp.com,Saint Louis
2021-03-05,Robots,MICR-23K Robot,899,1,899,jponsford2o@booking.com,El Paso
2021-03-05,Robot Kits,BYOR-2640S,189,5,945,tzannimc@umich.edu,Duluth
2021-03-05,Training Videos,Open Source Code,32.95,3,98.850000000000009,ohinckes64@nbcnews.com,Rochester
2021-03-06,Training Videos,Cloud Computing,29.99,2,59.98,gmieren4@taobao.com,Nashville
2021-03-06,Training Videos,AI for Educators,49.95,4,199.8,tmandersonr7@patch.com,San Antonio
2021-03-06,eBooks,Delta Robots,16.99,3,50.97,ulogsdale5w@joomla.org,Memphis
2021-03-07,Blueprints,Ladybug Robot Blueprint,12,4,48,nwebberley8w@studiopress.com,Washington
2021-03-07,eBooks,Delivery Drones,14.99,4,59.96,ifoulkes16@t-online.de,Des Moines
2021-03-07,Drones,DA-SA702 Drone,399,2,798,bhrishanokd2@archive.org,Pasadena
2021-03-07,Blueprints,Sleepy Eye Blueprint,11.99,4,47.96,smoylan83@etsy.com,Flint
2021-03-07,Blueprints,Cat Robot Blueprint,4.99,5,24.950000000000003,pmenendezcv@squarespace.com,Galveston
2021-03-07,Drone Kits,BYOD-500,167,5,835,cgrzelak1w@feedburner.com,Memphis
2021-03-07,Drones,DTI-84 Drone,455,3,1365,kcoytenm@bandcamp.com,Philadelphia
2021-03-07,Blueprints,Bsquare Robot Blueprint,8.99,3,26.97,asaylor4g@weebly.com,Toledo
2021-03-07,eBooks,RTF Drones,16.99,3,50.97,rscamblernd@dedecms.com,Albuquerque
2021-03-07,Drone Kits,BYOD-400,119,6,714,kpriumd9@clickbank.net,Norfolk
2021-03-08,Training Videos,Understanding 3D Printing,42.99,2,85.98,bdrewclifton8y@nps.gov,Inglewood
2021-03-09,eBooks,Cartesian Robots,12.99,3,38.97,jlinnard3f@plala.or.jp,Nashville
2021-03-09,eBooks,Photograph Drones,14.99,4,59.96,pemlochdy@ebay.co.uk,Provo
2021-03-09,Drone Kits,BYOD-200,58.95,5,294.75,mdibenn6@blogger.com,Sarasota
2021-03-09,Drones,DA-SA702 Drone,399,2,798,syoull17@house.gov,Indianapolis
2021-03-10,Robot Kits,BYOR-2640S,189,2,378,dmeaddowcrofth8@meetup.com,Tacoma
2021-03-10,eBooks,RTF Drones,16.99,4,67.96,cgallehockkf@xinhuanet.com,Denver
2021-03-11,eBooks,Delivery Drones,14.99,3,44.97,hmelling1b@miibeian.gov.cn,Chicago
2021-03-11,Blueprints,All Eyes Drone Blueprint,9.99,2,19.98,kdjurdjevicim@harvard.edu,Mobile
2021-03-11,Robots,RWW-75 Robot,883,1,883,mrodmellaf@feedburner.com,Salt Lake City
2021-03-11,Training Videos,Mapping with Drones,49,5,245,kannett8p@wikia.com,Van Nuys
2021-03-12,Blueprints,Bsquare Robot Blueprint,8.99,3,26.97,cbunnellma@google.nl,Memphis
2021-03-12,eBooks,Drone Building Essentials,13.99,3,41.97,yharrisck@google.co.jp,Louisville
2021-03-12,eBooks,Fixed Wing Drones,15.5,3,46.5,bdennerly7h@si.edu,Loretto
2021-03-12,eBooks,Building Your Own Drone,24.99,6,149.94,jpinchen15@behance.net,Birmingham
2021-03-12,Training Videos,Open Source Code,32.95,2,65.9,kcavanbe@bbb.org,Jacksonville
2021-03-13,Robots,RCB-889 Robot,549,2,1098,mfaulocn@blogtalkradio.com,Boca Raton
2021-03-13,Training Videos,AI for Educators,49.95,3,149.85000000000002,jlattka2f@tuttocitta.it,Midland
2021-03-13,eBooks,Understanding Arduino,17.5,3,52.5,claurenzibt@noaa.gov,Pompano Beach
2021-03-13,Drones,DC-304 Drone,395,3,1185,ktipplekm@chicagotribune.com,Detroit
2021-03-13,Training Videos,Understanding Raspberry PI,28.99,2,57.98,lpolandmi@goodreads.com,Lexington
2021-03-14,eBooks,Delta Robots,16.99,2,33.98,pgowfy@businessweek.com,Dayton
2021-03-14,Training Videos,AI for Educators,49.95,4,199.8,achristolqa@networksolutions.com,Charleston
2021-03-14,Training Videos,Virtual Reality Basics,29.99,4,119.96,hwissbypy@msu.edu,Chicago
2021-03-14,Training Videos,Understanding Automation,44.95,3,134.85000000000002,ezanuttii6@rakuten.co.jp,El Paso
2021-03-14,Drone Kits,BYOD-100,54,5,270,gmasic8k@whitehouse.gov,Greeley
2021-03-14,eBooks,Spherical Robots,16.75,4,67,velvidgeid@thetimes.co.uk,Houston
2021-03-14,eBooks,Drone Building Essentials,13.99,4,55.96,sshaftolx@hostgator.com,Toledo
2021-03-15,Drones,DX-145 Drone,250,4,1000,vseeking2g@virginia.edu,Colorado Springs
2021-03-15,Training Videos,Robotic Essentials,34.99,3,104.97,sbrando88@cpanel.net,San Diego
2021-03-16,Training Videos,Understanding Drone Regulations,27.5,4,110,gmasic8k@whitehouse.gov,Greeley
2021-03-16,Drones,DTE-QFN20 Drone,250,2,500,wortigerp5@noaa.gov,Hartford
2021-03-16,Blueprints,All Eyes Drone Blueprint,9.99,3,29.97,achantrell7i@pagesperso-orange.fr,Lincoln
2021-03-16,Robots,RLK-9920 Robot,699,2,1398,ulamboll9z@sciencedirect.com,Fresno
2021-03-16,Drone Kits,BYOD-100,54,2,108,tfernhk@trellian.com,Seattle
2021-03-16,Blueprints,Ladybug Robot Blueprint,12,5,60,mtomashovqz@youku.com,Seattle
2021-03-17,Robot Kits,BYOR-3535,225,4,900,bflintls@bloglovin.com,Santa Barbara
2021-03-17,Drone Kits,BYOD-300,89,3,267,bwhitemanpf@dailymail.co.uk,Spokane
2021-03-18,Drones,DX-145 Drone,250,2,500,ysabathe34@wired.com,Huntington
2021-03-18,Training Videos,Understanding Raspberry PI,28.99,1,28.99,cseear5f@mashable.com,Akron
2021-03-18,eBooks,Multi Rotor Drones,24.95,3,74.85,esalwaygc@cnn.com,Memphis
2021-03-18,Blueprints,Cat Robot Blueprint,4.99,2,9.98,azimmermanns3x@feedburner.com,Gilbert
2021-03-19,eBooks,Cartesian Robots,12.99,3,38.97,lcreagh2h@weather.com,Brea
2021-03-19,Drones,MICR-564K Drone,499,3,1497,tbayntonjh@blogtalkradio.com,Juneau
2021-03-19,eBooks,Articulated Robots,23.99,4,95.96,esilmanri@indiegogo.com,San Antonio
2021-03-19,Training Videos,Understanding Drone Regulations,27.5,2,55,aolekhovn7@webmd.com,Salt Lake City
2021-03-19,eBooks,Articulated Robots,23.99,5,119.94999999999999,ccassellq3@japanpost.jp,Cambridge
2021-03-19,Training Videos,Understanding Raspberry PI,28.99,2,57.98,cnilandp@fema.gov,Toledo
2021-03-20,Blueprints,Panda Robot Blueprint,7.99,4,31.96,fesselinb8@adobe.com,Fort Lauderdale
2021-03-20,Blueprints,Sleepy Eye Blueprint,11.99,5,59.95,wwaisona4@people.com.cn,Cedar Rapids
2021-03-20,eBooks,Fixed Wing Drones,15.5,2,31,blampkinw@ihg.com,San Diego
2021-03-20,eBooks,Helicopter Drones,20.95,4,83.8,jbruneau5d@blinklist.com,Springfield
2021-03-21,Drone Kits,BYOD-220,69,4,276,ngoolden9s@slashdot.org,Rochester
2021-03-22,Drones,DTI-84 Drone,455,3,1365,arudingerbh@nps.gov,Odessa
2021-03-22,Robot Kits,BYOR-1000,189,2,378,rvernon5i@dion.ne.jp,Minneapolis
2021-03-22,Drone Kits,BYOD-400,119,4,476,cpriestnalli5@japanpost.jp,Denton
2021-03-22,Drones,DX-145 Drone,250,4,1000,ucrosier1e@go.com,Los Angeles
2021-03-22,Blueprints,All Eyes Drone Blueprint,9.99,4,39.96,rcokayneh6@sciencedaily.com,Saint Paul
2021-03-23,Drones,MICR-564K Drone,499,4,1996,sixer2o@wikipedia.org,Mobile
2021-03-24,Robots,RXW-9807 Robot,599,4,2396,bhardsqu@example.com,Beaumont
2021-03-24,Robots,RQTE-554 Robot,684,3,2052,tferronibc@instagram.com,Des Moines
2021-03-24,Drone Kits,BYOD-400,119,2,238,iasman6a@wired.com,Pasadena
2021-03-24,Drone Kits,BYOD-400S,129.95,4,519.8,bfernehougho9@com.com,Ocala
2021-03-24,Training Videos,Aerial Security,36.99,3,110.97,mlinckeh5@ebay.com,Trenton
2021-03-24,Training Videos,Open Source Code,32.95,4,131.8,gmorriss2p@google.co.jp,San Francisco
2021-03-24,Drone Kits,BYOD-220,69,3,207,tmandersonr7@patch.com,San Antonio
2021-03-25,Drone Kits,BYOD-220,69,3,207,jcratkx@unc.edu,Philadelphia
2021-03-25,eBooks,RTF Drones,16.99,3,50.97,rseson7w@google.it,Saint Louis
2021-03-25,eBooks,Helicopter Drones,20.95,5,104.75,hantonetti31@wix.com,Chattanooga
2021-03-25,Blueprints,QuadroCopter Blueprint,10.99,2,21.98,kbrimblecombqg@diigo.com,Washington
2021-03-25,Drones,DTD-7000 Drone,450,5,2250,khearsepd@jugem.jp,Youngstown
2021-03-25,Blueprints,QuadroCopter Blueprint,10.99,3,32.97,krichmond9g@mozilla.org,Fort Smith
2021-03-25,eBooks,Understanding Artificial Intelligence,19.5,3,58.5,pgoatman7m@alibaba.com,El Paso
2021-03-26,Drone Kits,BYOD-400,119,5,595,ppunterlx@pcworld.com,Naples
2021-03-26,eBooks,Polar Robots,23.99,3,71.97,adunsire1q@feedburner.com,Jacksonville
2021-03-26,eBooks,Building Your First Robot,24.95,1,24.95,aaveyl7@disqus.com,Pittsburgh
2021-03-26,eBooks,Cartesian Robots,12.99,4,51.96,gemeneyci@wikimedia.org,North Hollywood
2021-03-27,Drone Kits,BYOD-100,54,2,108,cgrethambu@mashable.com,Topeka
2021-03-27,eBooks,Building Your First Robot,24.95,3,74.85,scamlin6x@chicagotribune.com,Des Moines
2021-03-28,Drone Kits,BYOD-220,69,4,276,bgraceg3@nih.gov,Grand Junction
2021-03-28,Drone Kits,BYOD-500,167,5,835,croylede@dot.gov,Virginia Beach
2021-03-28,eBooks,Photograph Drones,14.99,3,44.97,hwissbypy@msu.edu,Chicago
2021-03-28,eBooks,Multi Rotor Drones,24.95,5,124.75,afairpoge@joomla.org,Albany
2021-03-29,Blueprints,Panda Robot Blueprint,7.99,2,15.98,dhakey77@businessinsider.com,Norfolk
2021-03-29,Drone Kits,BYOD-400,119,2,238,emcrory6y@mac.com,Birmingham
2021-03-29,Drones,DTD-7000 Drone,450,2,900,egrinleyfb@slate.com,Baton Rouge
2021-03-29,Training Videos,Aerial Security,36.99,1,36.99,vfranktonpt@ustream.tv,Baton Rouge
2021-03-29,Drones,DA-SA702 Drone,399,6,2394,ltippettsfq@aol.com,Harrisburg
2021-03-29,eBooks,Understanding Arduino,17.5,3,52.5,fsteersiy@hatena.ne.jp,Cincinnati
2021-03-29,Drones,MICR-564K Drone,499,2,998,sbyasnq@netvibes.com,Los Angeles
2021-03-29,Robot Kits,BYOR-3000,214,2,428,gboomesjr@scribd.com,Portsmouth
2021-03-29,Training Videos,Understanding Raspberry PI,28.99,1,28.99,lbeckensall2c@mlb.com,Philadelphia
2021-03-30,Robots,RQTE-554 Robot,684,4,2736,ecarmojq@aol.com,Stockton
2021-03-30,eBooks,Building Your Own Drone,24.99,3,74.97,rcullip99@hubpages.com,Seattle
2021-03-30,Drones,DTI-84 Drone,455,3,1365,ccorbittif@java.com,Oakland
2021-03-30,Drone Kits,BYOD-200,58.95,3,176.85000000000002,bhoys51@smh.com.au,Rochester
2021-03-31,eBooks,Delivery Drones,14.99,5,74.95,rcouplandgz@google.com.br,San Antonio
2021-03-31,eBooks,Drone Building Essentials,13.99,3,41.97,shasnip86@qq.com,Tucson
2021-03-31,eBooks,Polar Robots,23.99,4,95.96,epoppleston1m@gizmodo.com,Madison
2021-04-01,Drone Kits,BYOD-220,69,3,207,cklemenzmn@ezinearticles.com,Oakland
2021-04-01,Robots,RXW-9807 Robot,599,5,2995,hsparkebr@odnoklassniki.ru,Augusta
2021-04-01,Blueprints,Sleepy Eye Blueprint,11.99,5,59.95,rslocombbh@wunderground.com,Appleton
2021-04-01,Training Videos,Virtual Reality Basics,29.99,1,29.99,jaucourteen@imageshack.us,Tacoma
2021-04-01,Drone Kits,BYOD-300,89,6,534,sheis9c@blogtalkradio.com,Denver
2021-04-02,Drones,DX-145 Drone,250,5,1250,polivio2@ft.com,Sacramento
2021-04-02,Training Videos,AI for Educators,49.95,2,99.9,ozoellner21@mediafire.com,Peoria
2021-04-02,eBooks,Multi Rotor Drones,24.95,5,124.75,clanneyiu@imdb.com,Canton
2021-04-02,Robot Kits,BYOR-3000,214,5,1070,yharrisck@google.co.jp,Louisville
2021-04-02,Drones,DTI-84 Drone,455,5,2275,ghaethj@npr.org,Seattle
2021-04-02,Robots,RLK-9920 Robot,699,5,3495,eclemenzih0@rediff.com,Great Neck
2021-04-02,eBooks,Building Your Own Drone,24.99,5,124.94999999999999,dwhittingtoncz@mozilla.org,Huntsville
2021-04-02,eBooks,Spherical Robots,16.75,3,50.25,mlillford24@yelp.com,Toledo
2021-04-02,eBooks,Building Your Own Drone,24.99,4,99.96,ddunsmorehu@deliciousdays.com,Knoxville
2021-04-02,eBooks,Delivery Drones,14.99,3,44.97,zsarrell9r@jugem.jp,Charlotte
2021-04-02,Blueprints,Ladybug Robot Blueprint,12,5,60,hdocwradl@discuz.net,Denver
2021-04-03,Blueprints,Sleepy Eye Blueprint,11.99,3,35.97,thawkswoodbp@prweb.com,Sacramento
2021-04-03,Training Videos,Understanding Drone Regulations,27.5,4,110,rgreening1f@webeden.co.uk,Amarillo
2021-04-03,Blueprints,Creature Robot Arms Blueprint,12,5,60,bdunseathai@cisco.com,Dallas
2021-04-03,Drones,DTI-84 Drone,455,1,455,vnemchinovq7@wiley.com,Temple
2021-04-03,eBooks,Building Your First Robot,24.95,2,49.9,anuschke5l@devhub.com,Rochester
2021-04-04,eBooks,Drone Building Essentials,13.99,2,27.98,rbevirnj@blogspot.com,Houston
2021-04-04,Training Videos,Mapping with Drones,49,3,147,ggosnoll2p@google.com.hk,Salt Lake City
2021-04-05,Robot Kits,BYOR-3000,214,1,214,marensn4@omniture.com,Brooklyn
2021-04-05,Training Videos,Understanding Automation,44.95,3,134.85000000000002,vfraczekka@mashable.com,Tampa
2021-04-06,Blueprints,Ladybug Robot Blueprint,12,1,12,loreillyk9@noaa.gov,Winter Haven
2021-04-07,Drone Kits,BYOD-100,54,4,216,gleveringtonkq@sina.com.cn,Topeka
2021-04-07,Training Videos,Mapping with Drones,49,3,147,abrandoneiw@wunderground.com,New York City
2021-04-08,Blueprints,Sleepy Eye Blueprint,11.99,6,71.94,adurrettcr@de.vu,Fresno
2021-04-08,Robot Kits,BYOR-4005,245,5,1225,bdi6g@aol.com,San Bernardino
2021-04-08,Drone Kits,BYOD-300,89,3,267,jann7r@arizona.edu,Washington
2021-04-08,Robot Kits,BYOR-3535,225,2,450,cstaigrp@wordpress.org,Manchester
2021-04-08,Training Videos,Mapping with Drones,49,3,147,ljacklinci@hatena.ne.jp,San Diego
2021-04-08,Blueprints,Sleepy Eye Blueprint,11.99,4,47.96,dtawtonh@prweb.com,Las Cruces
2021-04-09,eBooks,Drone Building Essentials,13.99,2,27.98,mede1c@diigo.com,North Hollywood
2021-04-09,Robot Kits,BYOR-2640S,189,2,378,tferronibc@instagram.com,Des Moines
2021-04-09,Training Videos,Understanding 3D Printing,42.99,4,171.96,mlilloecn@columbia.edu,Fort Wayne
2021-04-09,Robot Kits,BYOR-1500,189,4,756,bwailes4a@mac.com,Los Angeles
2021-04-09,eBooks,Drone Building Essentials,13.99,3,41.97,mlinckeh5@ebay.com,Trenton
2021-04-09,eBooks,GPS Drones,19.99,5,99.949999999999989,mmaccaughanak@plala.or.jp,Madison
2021-04-09,eBooks,Single Rotor Drones,14.99,5,74.95,dbannellcg@google.ru,Jacksonville
2021-04-10,Robots,RWW-75 Robot,883,4,3532,breubens76@taobao.com,Richmond
2021-04-10,eBooks,Delta Robots,16.99,2,33.98,agrzelewskimt@intel.com,Tucson
2021-04-10,Blueprints,Sleepy Eye Blueprint,11.99,5,59.95,jsteinbl@discovery.com,Silver Spring
2021-04-10,Training Videos,Robotic Essentials,34.99,3,104.97,lhacardic@drupal.org,Knoxville
2021-04-10,Training Videos,Understanding Automation,44.95,4,179.8,barmerfi@cbsnews.com,Midland
2021-04-11,Drone Kits,BYOD-550,179,2,358,ssein9u@unesco.org,Omaha
2021-04-11,Drones,DTD-7000 Drone,450,5,2250,mclemo90@mozilla.com,Vancouver
2021-04-11,Blueprints,All Eyes Drone Blueprint,9.99,6,59.94,tbodocs2@tumblr.com,Myrtle Beach
2021-04-11,Drone Kits,BYOD-350,89.95,6,539.7,ecapron4l@tripadvisor.com,Chicago
2021-04-12,eBooks,Single Rotor Drones,14.99,6,89.94,aghironq4@123-reg.co.uk,Charleston
2021-04-12,eBooks,Polar Robots,23.99,2,47.98,hsparkebr@odnoklassniki.ru,Augusta
2021-04-12,Blueprints,Panda Robot Blueprint,7.99,2,15.98,hbamburyil@aol.com,Paterson
2021-04-12,Training Videos,AI for Educators,49.95,3,149.85000000000002,smcgrann77@imageshack.us,Waco
2021-04-12,Drones,DC-304 Drone,395,3,1185,gkirkhousen3@reddit.com,Anchorage
2021-04-12,eBooks,Cartesian Robots,12.99,3,38.97,ddik8@sphinn.com,Seattle
2021-04-13,Drone Kits,BYOD-500,167,5,835,fstebbings6w@latimes.com,Richmond
2021-04-13,Blueprints,Bsquare Robot Blueprint,8.99,3,26.97,aanfussojg@t-online.de,Cedar Rapids
2021-04-14,Drones,DTI-84 Drone,455,2,910,bdej@posterous.com,Corpus Christi
2021-04-14,Drones,DTE-QFN20 Drone,250,5,1250,cschultca@economist.com,Cincinnati
2021-04-14,Robot Kits,BYOR-1000,189,3,567,nclandillon9s@huffingtonpost.com,Lincoln
2021-04-14,eBooks,Delivery Drones,14.99,5,74.95,bmartygineg@4shared.com,Washington
2021-04-14,eBooks,Articulated Robots,23.99,2,47.98,bdrewclifton8y@nps.gov,Inglewood
2021-04-15,eBooks,Articulated Robots,23.99,6,143.94,fbooseyjv@chicagotribune.com,Richmond
2021-04-15,Blueprints,Sleepy Eye Blueprint,11.99,1,11.99,btomczynskinw@amazon.de,Minneapolis
2021-04-15,Drone Kits,BYOD-500,167,4,668,jprandoninu@bbb.org,El Paso
2021-04-15,Drone Kits,BYOD-400,119,3,357,dduddanab@furl.net,Elizabeth
2021-04-15,Blueprints,Panda Robot Blueprint,7.99,5,39.95,roxtibyp1@slashdot.org,Des Moines
2021-04-15,Blueprints,Bsquare Robot Blueprint,8.99,1,8.99,ecorleyee@jiathis.com,Carson City
2021-04-15,Drones,DA-SA702 Drone,399,3,1197,rbenedekhm@gmpg.org,Corpus Christi
2021-04-16,Robot Kits,BYOR-1500,189,2,378,bhadingham3r@goo.ne.jp,Kansas City
2021-04-16,Robots,RQTE-554 Robot,684,4,2736,pwallmanam@booking.com,Stamford
2021-04-16,Robots,RQTE-554 Robot,684,4,2736,nvalentinuzzi9g@jigsy.com,Toledo
2021-04-16,Robot Kits,BYOR-3000,214,2,428,bmackintoshiu@google.co.jp,Lincoln
2021-04-16,Training Videos,Understanding Raspberry PI,28.99,5,144.95,gfarranbs@hugedomains.com,Boise
2021-04-17,Drones,DX-145 Drone,250,4,1000,mdibenn6@blogger.com,Sarasota
2021-04-17,Drone Kits,BYOD-500,167,3,501,cvanaw@creativecommons.org,El Paso
2021-04-17,Training Videos,Understanding Raspberry PI,28.99,3,86.97,yalthrop8n@google.co.jp,Milwaukee
2021-04-18,Blueprints,QuadroCopter Blueprint,10.99,3,32.97,ecorleyee@jiathis.com,Carson City
2021-04-18,eBooks,Polar Robots,23.99,5,119.94999999999999,tmcquillanl3@nps.gov,Pompano Beach
2021-04-18,eBooks,Delta Robots,16.99,5,84.949999999999989,wsayergy@prnewswire.com,Bradenton
2021-04-18,eBooks,Spherical Robots,16.75,6,100.5,mhasslocherm8@paginegialle.it,Fort Lauderdale
2021-04-18,Drones,DTI-84 Drone,455,4,1820,cbartolomeonihw@apple.com,Houston
2021-04-19,Blueprints,All Eyes Drone Blueprint,9.99,3,29.97,dhoultek@exblog.jp,Los Angeles
2021-04-19,Training Videos,Virtual Reality Basics,29.99,4,119.96,jbreagancl@symantec.com,Baton Rouge
2021-04-19,Training Videos,Understanding Raspberry PI,28.99,5,144.95,ddrysdalej8@ucoz.com,Greenville
2021-04-19,Training Videos,Open Source Code,32.95,5,164.75,tcoytesas@technorati.com,Monticello
2021-04-19,Drones,DTD-7000 Drone,450,4,1800,dconnelly6d@seattletimes.com,Washington
2021-04-19,Drone Kits,BYOD-500,167,3,501,grewcassellp5@noaa.gov,Minneapolis
2021-04-19,eBooks,Understanding Artificial Intelligence,19.5,2,39,hphelan93@weebly.com,Gastonia
2021-04-20,Robots,RCB-889 Robot,549,4,2196,clisetthb@icio.us,Whittier
2021-04-20,Training Videos,Cloud Computing,29.99,3,89.97,alawlings6s@cpanel.net,San Jose
2021-04-20,Drone Kits,BYOD-400S,129.95,4,519.8,bcordobaeg@google.pl,Washington
2021-04-20,eBooks,Cartesian Robots,12.99,4,51.96,rdevoqd@about.me,Stamford
2021-04-21,Drone Kits,BYOD-220,69,2,138,ythies3y@digg.com,Las Cruces
2021-04-21,Blueprints,QuadroCopter Blueprint,10.99,5,54.95,lprobeten@youtube.com,Spokane
2021-04-22,Drones,DC-304 Drone,395,4,1580,sklausenr8@github.com,Oklahoma City
2021-04-22,Blueprints,Ladybug Robot Blueprint,12,2,24,rkunischfi@dion.ne.jp,San Francisco
2021-04-22,eBooks,Polar Robots,23.99,6,143.94,jascroftef3@google.pl,Pasadena
2021-04-22,Drones,DC-304 Drone,395,3,1185,hsparkebr@odnoklassniki.ru,Augusta
2021-04-22,Blueprints,Panda Robot Blueprint,7.99,2,15.98,echicchelliko@surveymonkey.com,Winston Salem
2021-04-22,Robot Kits,BYOR-4005,245,5,1225,gmackerethm9@wordpress.com,Cedar Rapids
2021-04-22,Training Videos,Cloud Computing,29.99,3,89.97,bwaiton1@geocities.com,Madison
2021-04-23,Blueprints,Sleepy Eye Blueprint,11.99,5,59.95,ngeffcock6z@weebly.com,Nashville
2021-04-23,eBooks,Building Your Own Drone,24.99,3,74.97,crankingmd@shareasale.com,Sacramento
2021-04-23,Drone Kits,BYOD-400,119,4,476,asheeresf7@reference.com,Saint Louis
2021-04-23,eBooks,Building Your First Robot,24.95,4,99.8,dmckinlayoj@google.fr,Los Angeles
2021-04-23,Drone Kits,BYOD-500,167,1,167,msuggettgh@php.net,Cincinnati
2021-04-23,eBooks,Multi Rotor Drones,24.95,3,74.85,escorrere3@cyberchimps.com,Galveston
2021-04-23,Robot Kits,BYOR-3000,214,4,856,asweetnamd0@europa.eu,Nashville
2021-04-24,eBooks,Building Your First Robot,24.95,2,49.9,afuncheondo@kickstarter.com,Denver
2021-04-24,Drones,DA-SA702 Drone,399,5,1995,telloy3x@bigcartel.com,Anchorage
2021-04-24,Training Videos,Aerial Security,36.99,5,184.95000000000002,bhaycock23@kickstarter.com,Sioux Falls
2021-04-24,Training Videos,Open Source Code,32.95,4,131.8,sbubbhd@springer.com,San Francisco
2021-04-24,Training Videos,Understanding 3D Printing,42.99,4,171.96,posbanmn@redcross.org,Sacramento
2021-04-24,Training Videos,AI for Educators,49.95,2,99.9,aglendzafn@istockphoto.com,San Diego
2021-04-24,Training Videos,Robotic Essentials,34.99,4,139.96,bzorer79@squarespace.com,Lexington
2021-04-25,Blueprints,Ladybug Robot Blueprint,12,3,36,jwileyh2@wordpress.com,Huntington
2021-04-25,Blueprints,Ladybug Robot Blueprint,12,4,48,cbarochm2@dion.ne.jp,New York City
2021-04-25,eBooks,Polar Robots,23.99,5,119.94999999999999,jpharoahdz@goodreads.com,Memphis
2021-04-25,Training Videos,Understanding Automation,44.95,3,134.85000000000002,bmackintoshiu@google.co.jp,Lincoln
2021-04-26,eBooks,RTF Drones,16.99,1,16.99,swaddingham6c@businessweek.com,Prescott
2021-04-26,Robot Kits,BYOR-3535,225,4,900,rwinship67@ox.ac.uk,Sioux Falls
2021-04-26,eBooks,Building Your Own Drone,24.99,3,74.97,hbrisleygo@telegraph.co.uk,Omaha
2021-04-27,eBooks,Delta Robots,16.99,2,33.98,rbrusin2r@comcast.net,Memphis
2021-04-27,Drones,DTE-QFN20 Drone,250,5,1250,loreillyk9@noaa.gov,Winter Haven
2021-04-27,Blueprints,Bsquare Robot Blueprint,8.99,4,35.96,eworleyef@imdb.com,Columbus
2021-04-28,Drone Kits,BYOD-400S,129.95,1,129.95,zsarrell9r@jugem.jp,Charlotte
2021-04-28,Robots,RWW-75 Robot,883,5,4415,ksmeetongu@wordpress.com,Tulsa
2021-04-28,Training Videos,Understanding Raspberry PI,28.99,4,115.96,rdevoqd@about.me,Stamford
2021-04-28,Robots,RXW-9807 Robot,599,4,2396,lcotaeq@prweb.com,Oakland
2021-04-29,eBooks,Photograph Drones,14.99,2,29.98,ajeppsjo@skype.com,Philadelphia
2021-04-29,Robots,RCB-889 Robot,549,3,1647,ekenfordqw@amazon.co.jp,Lake Charles
2021-04-30,Robot Kits,BYOR-4005,245,6,1470,mcoomlg@ocn.ne.jp,West Palm Beach
2021-04-30,Drone Kits,BYOD-300,89,2,178,lfanninou@tinypic.com,Fairfax
2021-04-30,eBooks,Delivery Drones,14.99,3,44.97,lcolmandv@free.fr,Arlington
2021-04-30,eBooks,RTF Drones,16.99,3,50.97,loreillyk9@noaa.gov,Winter Haven
2021-04-30,Drones,DA-SA702 Drone,399,2,798,lfreschini59@histats.com,Minneapolis
2021-05-01,Blueprints,Panda Robot Blueprint,7.99,5,39.95,bwooffr4@printfriendly.com,Charleston
2021-05-01,Training Videos,Mapping with Drones,49,4,196,eandrejevic2i@people.com.cn,Birmingham
2021-05-01,Training Videos,Virtual Reality Basics,29.99,3,89.97,samblerrf@dagondesign.com,Pittsburgh
2021-05-01,Training Videos,Understanding Drone Regulations,27.5,4,110,hcapponer8k@deviantart.com,Los Angeles
2021-05-01,eBooks,Understanding Artificial Intelligence,19.5,5,97.5,jbestwerthick7n@sciencedaily.com,Mobile
2021-05-01,eBooks,Understanding Arduino,17.5,1,17.5,tpistol34@mashable.com,Scranton
2021-05-01,eBooks,Fixed Wing Drones,15.5,4,62,kkneathqp@spotify.com,San Antonio
2021-05-01,eBooks,Delta Robots,16.99,6,101.94,bdunseathai@cisco.com,Dallas
2021-05-02,Training Videos,Cloud Computing,29.99,4,119.96,bsheerinu@php.net,San Luis Obispo
2021-05-02,Drones,DA-SA702 Drone,399,3,1197,nkippax2j@auda.org.au,Washington
2021-05-02,Robots,RLK-9920 Robot,699,3,2097,egorettilc@spiegel.de,Fairfield
2021-05-02,eBooks,Polar Robots,23.99,4,95.96,dpabelik52@lulu.com,Jacksonville
2021-05-02,Robot Kits,BYOR-3000,214,5,1070,fneate3a@tinyurl.com,Bakersfield
2021-05-02,Training Videos,Understanding Raspberry PI,28.99,2,57.98,mmanske7c@amazonaws.com,Brockton
2021-05-03,eBooks,Polar Robots,23.99,3,71.97,eo79@wikimedia.org,North Port
2021-05-03,eBooks,Multi Rotor Drones,24.95,4,99.8,gtolomioo@ebay.co.uk,Lexington
2021-05-03,Robots,RWW-75 Robot,883,4,3532,hcoultercx@sciencedaily.com,Inglewood
2021-05-03,Robot Kits,BYOR-3000,214,5,1070,dgyrgorcewicx5@1und1.de,Tulsa
2021-05-03,Robots,MICR-23K Robot,899,4,3596,ubrighouse5w@elegantthemes.com,New York City
2021-05-04,Training Videos,Aerial Security,36.99,3,110.97,tcharette2c@google.com.br,Akron
2021-05-04,Drones,MICR-564K Drone,499,3,1497,tplitzp3@constantcontact.com,New Bedford
2021-05-04,Training Videos,Virtual Reality Basics,29.99,4,119.96,cnenolz@mediafire.com,Aurora
2021-05-04,Blueprints,Cat Robot Blueprint,4.99,3,14.97,mcoultas1v@npr.org,Grand Rapids
2021-05-04,Training Videos,Aerial Security,36.99,5,184.95000000000002,wkilcullenij@canalblog.com,Lancaster
2021-05-04,Robot Kits,BYOR-2640S,189,2,378,smcalindonb8@state.tx.us,Stockton
2021-05-04,Drone Kits,BYOD-400,119,3,357,cwatsongg@jimdo.com,Omaha
2021-05-04,Drones,DTI-84 Drone,455,4,1820,mmathetj1@cargocollective.com,Charlotte
2021-05-05,eBooks,RTF Drones,16.99,5,84.949999999999989,croylede@dot.gov,Virginia Beach
2021-05-05,eBooks,Drone Building Essentials,13.99,5,69.95,imcshirrie2f@squidoo.com,Hot Springs National Park
2021-05-05,Training Videos,Understanding Raspberry PI,28.99,5,144.95,dcandey3b@cocolog-nifty.com,Denver
2021-05-06,eBooks,Understanding Artificial Intelligence,19.5,4,78,marensn4@omniture.com,Brooklyn
2021-05-06,Drone Kits,BYOD-550,179,5,895,lhughes8y@qq.com,Phoenix
2021-05-06,eBooks,RTF Drones,16.99,1,16.99,akelwaybamber47@pinterest.com,Boca Raton
2021-05-06,Drone Kits,BYOD-200,58.95,3,176.85000000000002,rbarfflh@oracle.com,Houston
2021-05-06,eBooks,Multi Rotor Drones,24.95,1,24.95,cearngydt@cbsnews.com,Houston
2021-05-06,eBooks,RTF Drones,16.99,3,50.97,hsparkebr@odnoklassniki.ru,Augusta
2021-05-07,Robot Kits,BYOR-2640S,189,1,189,cklugerlg@sfgate.com,San Diego
2021-05-07,Blueprints,Ladybug Robot Blueprint,12,3,36,dgrimditch8i@prweb.com,Bronx
2021-05-07,Training Videos,Drone Video Techniques,37.99,5,189.95000000000002,rcullip99@hubpages.com,Seattle
2021-05-07,Blueprints,All Eyes Drone Blueprint,9.99,3,29.97,acoggeshalloz@ucoz.com,Tallahassee
2021-05-08,Blueprints,Cat Robot Blueprint,4.99,3,14.97,tplowman7y@ucoz.com,Gastonia
2021-05-08,eBooks,Cartesian Robots,12.99,5,64.95,bzahor4t@exblog.jp,Des Moines
2021-05-08,eBooks,Polar Robots,23.99,4,95.96,onovotnanl@wordpress.org,Fort Pierce
2021-05-09,eBooks,Building Your First Robot,24.95,4,99.8,sbolgerfn@epa.gov,Sacramento
2021-05-09,Drone Kits,BYOD-400S,129.95,2,259.9,rfrangello6l@icio.us,Cleveland
2021-05-10,Training Videos,Understanding 3D Printing,42.99,3,128.97,rsunshineln@cdc.gov,Orange
2021-05-10,Blueprints,QuadroCopter Blueprint,10.99,2,21.98,sduxbury2c@dell.com,Oklahoma City
2021-05-10,eBooks,Spherical Robots,16.75,3,50.25,cmilvarnie24@forbes.com,Newark
2021-05-10,Robots,RCB-889 Robot,549,4,2196,gdeas6k@ustream.tv,Sacramento
2021-05-10,eBooks,Fixed Wing Drones,15.5,1,15.5,owisbeyr9@microsoft.com,Carol Stream
2021-05-10,eBooks,Building Your First Robot,24.95,2,49.9,cassurcz@cmu.edu,Berkeley
2021-05-10,Drone Kits,BYOD-400,119,3,357,jmasseic9@google.it,Waterbury
2021-05-10,Training Videos,Mapping with Drones,49,4,196,mabbatini71@state.gov,Tucson
2021-05-10,Blueprints,QuadroCopter Blueprint,10.99,3,32.97,hfruin38@constantcontact.com,Winston Salem
2021-05-11,Robot Kits,BYOR-4005,245,4,980,rmikalski4q@joomla.org,Springfield
2021-05-11,Robot Kits,BYOR-2640S,189,4,756,eharmstone9d@unicef.org,College Station
2021-05-11,eBooks,Building Your Own Drone,24.99,6,149.94,hslarkpp@csmonitor.com,Detroit
2021-05-11,Training Videos,Mapping with Drones,49,4,196,marrigoly@hibu.com,Sacramento
2021-05-12,Drone Kits,BYOD-300,89,5,445,scawstoni0@imgur.com,Pasadena
2021-05-12,Blueprints,Bsquare Robot Blueprint,8.99,4,35.96,gsowlef9@pinterest.com,Evansville
2021-05-13,eBooks,RTF Drones,16.99,1,16.99,zmachoncf@rediff.com,Hot Springs National Park
2021-05-13,eBooks,Understanding Arduino,17.5,3,52.5,atooheyid@ucsd.edu,Baltimore
2021-05-13,Drones,DC-304 Drone,395,3,1185,dwimburya7@nationalgeographic.com,Hartford
2021-05-13,Drone Kits,BYOD-220,69,2,138,akieranps@naver.com,Birmingham
2021-05-13,Training Videos,Understanding Automation,44.95,6,269.70000000000005,ghaddock54@live.com,North Little Rock
2021-05-13,eBooks,Polar Robots,23.99,4,95.96,ydudley9o@salon.com,Washington
2021-05-14,Robot Kits,BYOR-3535,225,5,1125,ccowlando4@mediafire.com,Scottsdale
2021-05-14,Training Videos,Understanding Raspberry PI,28.99,4,115.96,cartist90@theatlantic.com,Columbia
2021-05-14,Blueprints,Ladybug Robot Blueprint,12,4,48,vandrettiro@exblog.jp,Reading
2021-05-14,eBooks,Fixed Wing Drones,15.5,4,62,tocriane96@flavors.me,Little Rock
2021-05-14,Blueprints,All Eyes Drone Blueprint,9.99,6,59.94,jjordanne@prweb.com,Melbourne
2021-05-14,Drones,DA-SA702 Drone,399,5,1995,ucrosier1e@go.com,Los Angeles
2021-05-14,Training Videos,Aerial Security,36.99,2,73.98,bkemet2w@nbcnews.com,Chicago
2021-05-15,eBooks,Drone Building Essentials,13.99,4,55.96,cmcilwreathl2@youku.com,Salt Lake City
2021-05-15,eBooks,Photograph Drones,14.99,1,14.99,nle6u@nbcnews.com,Wichita
2021-05-15,Training Videos,Understanding Drone Regulations,27.5,4,110,ihalei4@nifty.com,Tampa
2021-05-15,Robots,RQTE-554 Robot,684,3,2052,ltomovicpp@symantec.com,Huntsville
2021-05-15,Training Videos,Open Source Code,32.95,3,98.850000000000009,eworleyef@imdb.com,Columbus
2021-05-16,Robots,MICR-23K Robot,899,2,1798,jmatignon7o@dailymotion.com,El Paso
2021-05-16,Training Videos,AI for Educators,49.95,5,249.75,jrayhille0@chronoengine.com,Baton Rouge
2021-05-16,Robot Kits,BYOR-2640S,189,5,945,ssteuhlmeyer35@vimeo.com,Albuquerque
2021-05-16,eBooks,Cartesian Robots,12.99,4,51.96,mwilbrahame@cnn.com,Oakland
2021-05-16,Robots,RWW-75 Robot,883,2,1766,hlemmanbie20@canalblog.com,Phoenix
2021-05-16,Training Videos,Industrial 3D Printing,49,6,294,mpanksjd@live.com,New Haven
2021-05-17,Training Videos,Understanding Drone Regulations,27.5,5,137.5,btrevanmj@wordpress.org,Jamaica
2021-05-17,eBooks,GPS Drones,19.99,4,79.96,ahawksleea7@hubpages.com,Dayton
2021-05-17,Drones,DTE-QFN20 Drone,250,3,750,jgreghik@quantcast.com,Tampa
2021-05-17,eBooks,Cartesian Robots,12.99,3,38.97,thawkswoodbp@prweb.com,Sacramento
2021-05-17,Robots,RLK-9920 Robot,699,2,1398,aglendzafn@istockphoto.com,San Diego
2021-05-17,Training Videos,Drone Video Techniques,37.99,3,113.97,mgasquoinei8@yale.edu,Spring
2021-05-17,eBooks,Understanding Artificial Intelligence,19.5,5,97.5,dmcgrortyin@google.co.jp,Elizabeth
2021-05-18,Drones,MICR-564K Drone,499,4,1996,despinasqa@umich.edu,Columbus
2021-05-18,Drone Kits,BYOD-300,89,2,178,bfoortdl@vimeo.com,Philadelphia
2021-05-18,Drone Kits,BYOD-300,89,2,178,dhallard4v@admin.ch,Lynchburg
2021-05-19,eBooks,Photograph Drones,14.99,3,44.97,ccollopoi@delicious.com,Pittsburgh
2021-05-19,Robots,RWW-75 Robot,883,4,3532,bzorer79@squarespace.com,Lexington
2021-05-19,eBooks,Building Your Own Drone,24.99,3,74.97,ashakesbycp@forbes.com,Kansas City
2021-05-19,Blueprints,All Eyes Drone Blueprint,9.99,5,49.95,jromanetqs@google.co.jp,Fort Worth
2021-05-19,eBooks,Helicopter Drones,20.95,3,62.849999999999994,mmeneelyb@123-reg.co.uk,Chicago
2021-05-19,Robots,RWW-75 Robot,883,4,3532,emergue9q@nhs.uk,Greensboro
2021-05-20,Blueprints,Sleepy Eye Blueprint,11.99,3,35.97,cchimentieu@discovery.com,Albany
2021-05-20,Drones,DTD-7000 Drone,450,4,1800,jjohnesgq@ca.gov,North Port
2021-05-20,Robot Kits,BYOR-1500,189,4,756,dsinneyli@feedburner.com,Jacksonville
2021-05-21,eBooks,Drone Building Essentials,13.99,4,55.96,afaucettat@craigslist.org,Indianapolis
2021-05-21,Blueprints,Panda Robot Blueprint,7.99,2,15.98,nkitteln1@g.co,Greensboro
2021-05-21,eBooks,Building Your First Robot,24.95,1,24.95,fboyling@wordpress.org,Carol Stream
2021-05-22,Drones,DC-304 Drone,395,2,790,aaveyl7@disqus.com,Pittsburgh
2021-05-22,Drones,DTD-7000 Drone,450,2,900,dsyradh0@phoca.cz,Seattle
2021-05-22,Drones,DX-145 Drone,250,2,500,mtomashovqz@youku.com,Seattle
2021-05-22,eBooks,Building Your Own Drone,24.99,5,124.94999999999999,cburgynqf@jugem.jp,New York City
2021-05-23,eBooks,Multi Rotor Drones,24.95,4,99.8,mjohannessonki@walmart.com,Waco
2021-05-23,eBooks,Photograph Drones,14.99,4,59.96,lbinniebq@aol.com,Hollywood
2021-05-23,Robot Kits,BYOR-1000,189,3,567,fspencleyqv@posterous.com,Chicago
2021-05-23,Robot Kits,BYOR-3000,214,2,428,lstaines64@issuu.com,Modesto
2021-05-23,Drone Kits,BYOD-550,179,5,895,dshelborne6w@4shared.com,Columbus
2021-05-23,Robot Kits,BYOR-1000,189,4,756,pemlochdy@ebay.co.uk,Provo
2021-05-24,eBooks,SCARA Robots,19.5,5,97.5,malenichicovqh@ftc.gov,Lake Worth
2021-05-24,Drone Kits,BYOD-100,54,3,162,ldomengetg1@nsw.gov.au,Scottsdale
2021-05-25,Drone Kits,BYOD-220,69,3,207,jdobbinson6o@globo.com,Odessa
2021-05-25,Drones,DTD-7000 Drone,450,2,900,tmandersonr7@patch.com,San Antonio
2021-05-25,eBooks,Understanding Arduino,17.5,2,35,hlemmanbie20@canalblog.com,Phoenix
2021-05-26,Blueprints,All Eyes Drone Blueprint,9.99,4,39.96,ewoolfordeil@google.co.jp,Pompano Beach
2021-05-26,Robot Kits,BYOR-1000,189,5,945,mlochei4@google.ca,Nashville
2021-05-26,Blueprints,Sleepy Eye Blueprint,11.99,3,35.97,rknevitp@odnoklassniki.ru,Carol Stream
2021-05-27,Drone Kits,BYOD-550,179,4,716,mferonns@over-blog.com,Austin
2021-05-27,Training Videos,Understanding Raspberry PI,28.99,4,115.96,swedmorend@technorati.com,Fort Myers
2021-05-27,eBooks,Single Rotor Drones,14.99,3,44.97,smoxomg6@fastcompany.com,Salt Lake City
2021-05-28,Drone Kits,BYOD-220,69,4,276,ggoodere4q@scientificamerican.com,Omaha
2021-05-28,Robots,RQTE-554 Robot,684,5,3420,erawlisonnz@umn.edu,Philadelphia
2021-05-29,Training Videos,Robotic Essentials,34.99,6,209.94,blampkinw@ihg.com,San Diego
2021-05-29,Robot Kits,BYOR-4005,245,2,490,akellawayds@github.io,Lawrenceville
2021-05-30,eBooks,Photograph Drones,14.99,4,59.96,bbedborohq@discuz.net,Miami
2021-05-30,Drone Kits,BYOD-100,54,6,324,ltippettsfq@aol.com,Harrisburg
2021-05-30,Training Videos,Aerial Security,36.99,3,110.97,mwoottonhl@de.vu,Bakersfield
2021-05-30,Robot Kits,BYOR-1000,189,4,756,sevason91@berkeley.edu,Pittsburgh
2021-05-31,Training Videos,Understanding 3D Printing,42.99,3,128.97,jromanetqs@google.co.jp,Fort Worth
2021-05-31,eBooks,Drone Building Essentials,13.99,5,69.95,tokeaveny41@fastcompany.com,Houston
2021-05-31,eBooks,Single Rotor Drones,14.99,5,74.95,meverlyo2@spotify.com,South Bend
2021-06-01,eBooks,Understanding Arduino,17.5,1,17.5,akitchenhamga@tripadvisor.com,Detroit
2021-06-01,Blueprints,Cat Robot Blueprint,4.99,3,14.97,jseelerok@odnoklassniki.ru,Salt Lake City
2021-06-01,Training Videos,Industrial 3D Printing,49,3,147,tbodocs2@tumblr.com,Myrtle Beach
2021-06-01,Drones,DTD-7000 Drone,450,1,450,ddonoherh2@joomla.org,Dallas
2021-06-01,Blueprints,Sleepy Eye Blueprint,11.99,6,71.94,dtawtonh@prweb.com,Las Cruces
2021-06-02,Drones,DTI-84 Drone,455,1,455,bhabben33@ftc.gov,San Antonio
2021-06-02,Robots,MICR-23K Robot,899,3,2697,nshillabeerle@skype.com,Atlanta
2021-06-02,Drone Kits,BYOD-350,89.95,4,359.8,bsambeck4f@wisc.edu,San Antonio
2021-06-02,eBooks,Single Rotor Drones,14.99,2,29.98,lteal2l@cbc.ca,Schenectady
2021-06-03,Training Videos,Robotic Essentials,34.99,1,34.99,mravenscrofttap@vinaora.com,Omaha
2021-06-03,Drone Kits,BYOD-200,58.95,5,294.75,ascarsbrooke6g@bloglovin.com,Jackson
2021-06-03,eBooks,Helicopter Drones,20.95,3,62.849999999999994,iwasielaal@amazon.co.jp,Houston
2021-06-03,Blueprints,Sleepy Eye Blueprint,11.99,5,59.95,vhawsii@engadget.com,Sacramento
2021-06-03,Robot Kits,BYOR-1500,189,5,945,jnizet22@multiply.com,Dearborn
2021-06-03,eBooks,GPS Drones,19.99,3,59.97,kbramelddc@tinyurl.com,Pensacola
2021-06-04,Training Videos,Understanding Automation,44.95,3,134.85000000000002,gkingegn@pinterest.com,Sacramento
2021-06-04,Training Videos,Drone Video Techniques,37.99,3,113.97,jmeritib@sphinn.com,Madison
2021-06-04,Training Videos,Virtual Reality Basics,29.99,5,149.95,badamssonfa@webeden.co.uk,Louisville
2021-06-04,Drones,DTE-QFN20 Drone,250,5,1250,gmacenzy8g@constantcontact.com,Springfield
2021-06-04,Drones,DC-304 Drone,395,2,790,wkilcullenij@canalblog.com,Lancaster
2021-06-04,eBooks,RTF Drones,16.99,4,67.96,htidmanmv@ucla.edu,Knoxville
2021-06-05,eBooks,Multi Rotor Drones,24.95,3,74.85,ccarrickj3@ed.gov,Brooklyn
2021-06-05,Robot Kits,BYOR-2640S,189,3,567,gelnerd6@sina.com.cn,Tucson
2021-06-05,Robot Kits,BYOR-3000,214,3,642,lgertyan@theguardian.com,Las Vegas
2021-06-05,eBooks,Fixed Wing Drones,15.5,1,15.5,gphilipsson2r@indiegogo.com,Tulsa
2021-06-05,Blueprints,Creature Robot Arms Blueprint,12,3,36,nduplain50@stanford.edu,Corpus Christi
2021-06-05,Robot Kits,BYOR-3000,214,5,1070,thails9l@theglobeandmail.com,Saint Louis
2021-06-05,Training Videos,Understanding Automation,44.95,4,179.8,fhonatsch4p@epa.gov,Hartford
2021-06-06,Drones,DTE-QFN20 Drone,250,5,1250,tcowper25@netlog.com,Fort Worth
2021-06-06,Drones,DTE-QFN20 Drone,250,6,1500,lcridlonkj@sina.com.cn,Springfield
2021-06-06,eBooks,Polar Robots,23.99,1,23.99,rhankey71@jigsy.com,Saint Louis
2021-06-06,Drone Kits,BYOD-350,89.95,3,269.85,isorohr@symantec.com,Sioux Falls
2021-06-06,Drone Kits,BYOD-220,69,6,414,idurnillms@vinaora.com,Fresno
2021-06-07,Drone Kits,BYOD-400,119,3,357,mbetkepi@goo.gl,Garland
2021-06-08,Blueprints,Bsquare Robot Blueprint,8.99,2,17.98,dthomazetc2@merriam-webster.com,Decatur
2021-06-08,eBooks,Building Your First Robot,24.95,4,99.8,torsman16@quantcast.com,Muncie
2021-06-08,Robots,MICR-23K Robot,899,4,3596,mbisset68@npr.org,Dallas
2021-06-08,Blueprints,Sleepy Eye Blueprint,11.99,4,47.96,rmcmurtyray@dot.gov,Albany
2021-06-08,eBooks,Fixed Wing Drones,15.5,6,93,jgillamit@cpanel.net,London
2021-06-08,eBooks,Building Your Own Drone,24.99,3,74.97,gmcdirmidmm@yolasite.com,Torrance
2021-06-09,eBooks,Delivery Drones,14.99,2,29.98,stwintermanbg@e-recht24.de,Atlanta
2021-06-09,Robot Kits,BYOR-3535,225,2,450,badamssonfa@webeden.co.uk,Louisville
2021-06-09,eBooks,Fixed Wing Drones,15.5,2,31,pgrigoroni8x@nbcnews.com,Bronx
2021-06-09,Robot Kits,BYOR-1000,189,3,567,avolkernk@pen.io,Idaho Falls
2021-06-09,eBooks,Spherical Robots,16.75,4,67,rscoinesk6@blogspot.com,Madison
2021-06-10,Blueprints,Sleepy Eye Blueprint,11.99,4,47.96,tapplewhaiteqk@java.com,El Paso
2021-06-10,Drone Kits,BYOD-300,89,5,445,bbeathemd8@themeforest.net,Atlanta
2021-06-10,Training Videos,Industrial 3D Printing,49,2,98,sgildeah4@github.io,Fort Wayne
2021-06-11,Drones,DX-145 Drone,250,5,1250,mscuphamj1@oaic.gov.au,El Paso
2021-06-11,Robots,RLK-9920 Robot,699,3,2097,tcowper25@netlog.com,Fort Worth
2021-06-11,eBooks,Understanding Arduino,17.5,5,87.5,bhadingham3r@goo.ne.jp,Kansas City
2021-06-11,eBooks,Understanding Arduino,17.5,3,52.5,stwintermanbg@e-recht24.de,Atlanta
2021-06-11,Robots,RWW-75 Robot,883,5,4415,bfeenanej@hc360.com,Shreveport
2021-06-11,Robots,RXW-9807 Robot,599,3,1797,agenders72@virginia.edu,Silver Spring
2021-06-11,Drone Kits,BYOD-550,179,3,537,dewbanksf0@google.es,Scranton
2021-06-12,Blueprints,QuadroCopter Blueprint,10.99,5,54.95,wdenmead7q@go.com,New Orleans
2021-06-12,eBooks,Photograph Drones,14.99,4,59.96,cchadwickg2@craigslist.org,Bakersfield
2021-06-12,eBooks,Drone Building Essentials,13.99,3,41.97,coaks1g@gravatar.com,San Bernardino
2021-06-12,Blueprints,Bsquare Robot Blueprint,8.99,3,26.97,tocriane96@flavors.me,Little Rock
2021-06-12,Robot Kits,BYOR-1000,189,3,567,rcharville3k@ovh.net,Anniston
2021-06-12,Drones,DTD-7000 Drone,450,5,2250,fbrignalll3@google.com.au,El Paso
2021-06-12,Training Videos,Drone Video Techniques,37.99,3,113.97,cnisuis5v@cloudflare.com,Springfield
2021-06-13,Robot Kits,BYOR-3535,225,5,1125,rgilbeyat@clickbank.net,Manassas
2021-06-13,Drone Kits,BYOD-500,167,2,334,breubens76@taobao.com,Richmond
2021-06-13,eBooks,Polar Robots,23.99,5,119.94999999999999,gdeere62@joomla.org,Sarasota
2021-06-13,Training Videos,Industrial 3D Printing,49,4,196,ahollyland65@marketwatch.com,Wilmington
2021-06-13,Robots,RCB-889 Robot,549,5,2745,bmourant33@bluehost.com,Evansville
2021-06-13,Drones,MICR-564K Drone,499,1,499,gbrislanec6@xing.com,Des Moines
2021-06-13,Robots,RQTE-554 Robot,684,5,3420,zpoolmaniz@linkedin.com,Fargo
2021-06-14,Blueprints,Panda Robot Blueprint,7.99,3,23.97,nahrendsenf@latimes.com,Dallas
2021-06-14,Drones,DC-304 Drone,395,3,1185,vcanwell9n@buzzfeed.com,Houston
2021-06-14,eBooks,SCARA Robots,19.5,3,58.5,lnannizzigb@hugedomains.com,Tacoma
2021-06-14,Robots,RCB-889 Robot,549,3,1647,cmcilwreathl2@youku.com,Salt Lake City
2021-06-14,eBooks,Building Your First Robot,24.95,4,99.8,ahallowellf1@bluehost.com,Sacramento
2021-06-14,eBooks,Cartesian Robots,12.99,2,25.98,mmurkin3j@de.vu,San Jose
2021-06-15,Blueprints,Creature Robot Arms Blueprint,12,3,36,mjohannessonki@walmart.com,Waco
2021-06-15,Blueprints,Ladybug Robot Blueprint,12,5,60,jgirardey1t@army.mil,New Orleans
2021-06-15,eBooks,Building Your Own Drone,24.99,2,49.98,bbeathemd8@themeforest.net,Atlanta
2021-06-15,eBooks,Building Your First Robot,24.95,3,74.85,rthaxter82@intel.com,Lees Summit
2021-06-15,eBooks,SCARA Robots,19.5,3,58.5,sduxbury2c@dell.com,Oklahoma City
2021-06-15,Training Videos,Virtual Reality Basics,29.99,2,59.98,cmayworthi2@time.com,Juneau
2021-06-15,eBooks,Single Rotor Drones,14.99,6,89.94,womohuno1@samsung.com,Washington
2021-06-15,Drones,DTI-84 Drone,455,3,1365,minoldj6@odnoklassniki.ru,Springfield
2021-06-16,Drones,DX-145 Drone,250,5,1250,jyerbornfe@tumblr.com,Bronx
2021-06-16,eBooks,Drone Building Essentials,13.99,4,55.96,lpickavant69@mac.com,Detroit
2021-06-16,Robots,RCB-889 Robot,549,6,3294,cthrelfallih@loc.gov,Irvine
2021-06-17,eBooks,Polar Robots,23.99,3,71.97,btoothillfo@ezinearticles.com,Houston
2021-06-17,Training Videos,Industrial 3D Printing,49,3,147,rgemsongx@dropbox.com,Tempe
2021-06-17,Blueprints,QuadroCopter Blueprint,10.99,4,43.96,goshavlan1c@ow.ly,Saint Louis
2021-06-17,Drone Kits,BYOD-350,89.95,2,179.9,imcshirrie2f@squidoo.com,Hot Springs National Park
2021-06-17,eBooks,Fixed Wing Drones,15.5,5,77.5,tgumby1g@arstechnica.com,Trenton
2021-06-17,Blueprints,Hexacopter Drone Blueprint,8.99,4,35.96,ssein9u@unesco.org,Omaha
2021-06-17,Training Videos,Understanding Automation,44.95,4,179.8,jaishfordjx@ftc.gov,Phoenix
2021-06-17,Training Videos,Robotic Essentials,34.99,4,139.96,ehegley5f@amazon.co.jp,Lexington
2021-06-17,Blueprints,Ladybug Robot Blueprint,12,3,36,fsteersiy@hatena.ne.jp,Cincinnati
2021-06-17,Robot Kits,BYOR-1500,189,4,756,bpettisallnx@usatoday.com,San Antonio
2021-06-18,eBooks,Building Your Own Drone,24.99,4,99.96,hbrisleygo@telegraph.co.uk,Omaha
2021-06-18,Robots,RQTE-554 Robot,684,6,4104,wmacdowalb6@themeforest.net,San Diego
2021-06-18,eBooks,Drone Building Essentials,13.99,1,13.99,browlesiq@godaddy.com,Madison
2021-06-18,Robots,MICR-23K Robot,899,2,1798,bminkinan@mtv.com,Fairbanks
2021-06-18,Training Videos,Understanding Automation,44.95,5,224.75,rreicherzck@geocities.com,Fort Lauderdale
2021-06-19,Training Videos,Cloud Computing,29.99,6,179.94,celloiti7@nydailynews.com,San Diego
2021-06-19,Robot Kits,BYOR-2640S,189,5,945,vdej0@live.com,El Paso
2021-06-19,Blueprints,Cat Robot Blueprint,4.99,2,9.98,smoylan83@etsy.com,Flint
2021-06-19,Drone Kits,BYOD-200,58.95,2,117.9,adavidih9@vinaora.com,New Hyde Park
2021-06-19,Drone Kits,BYOD-350,89.95,4,359.8,afaucettat@craigslist.org,Indianapolis
2021-06-20,Training Videos,Understanding 3D Printing,42.99,3,128.97,lpolandmi@goodreads.com,Lexington
2021-06-20,Training Videos,Mapping with Drones,49,1,49,atrenfieldf6@nba.com,Boston
2021-06-20,Training Videos,Mapping with Drones,49,4,196,mbentallbe@canalblog.com,Shawnee Mission
2021-06-21,Robots,RQTE-554 Robot,684,5,3420,rpearfs@nytimes.com,Pueblo
2021-06-21,Robots,RLK-9920 Robot,699,2,1398,hmelling1b@miibeian.gov.cn,Chicago
2021-06-21,Drones,DTI-84 Drone,455,6,2730,churticoc@infoseek.co.jp,Oklahoma City
2021-06-21,Drones,DA-SA702 Drone,399,2,798,kgiacobazzirc@china.com.cn,Des Moines
2021-06-21,Robot Kits,BYOR-1000,189,5,945,wconybearoy@webnode.com,Austin
2021-06-21,Training Videos,Drone Video Techniques,37.99,2,75.98,gbaldack5e@state.gov,Tulsa
2021-06-21,Drone Kits,BYOD-400,119,5,595,nseagood4@paginegialle.it,Houston
2021-06-21,Blueprints,Sleepy Eye Blueprint,11.99,2,23.98,gdeere62@joomla.org,Sarasota
2021-06-21,Blueprints,Sleepy Eye Blueprint,11.99,5,59.95,fsharplemr@ezinearticles.com,San Antonio
2021-06-21,Training Videos,AI for Educators,49.95,4,199.8,fpatesel7u@slideshare.net,Huntington
2021-06-21,Blueprints,QuadroCopter Blueprint,10.99,3,32.97,jnewlinq9@admin.ch,Jackson
2021-06-22,Robot Kits,BYOR-1000,189,1,189,jwoodiercp@netlog.com,Saint Petersburg
2021-06-22,Robots,RXW-9807 Robot,599,5,2995,psherrottp2@e-recht24.de,Newark
2021-06-22,eBooks,Building Your Own Drone,24.99,4,99.96,bsambeck4f@wisc.edu,San Antonio
2021-06-22,Blueprints,Ladybug Robot Blueprint,12,4,48,tstockings94@opera.com,Flint
2021-06-22,Drone Kits,BYOD-220,69,2,138,fcaseroes@cnet.com,Peoria
2021-06-22,eBooks,Photograph Drones,14.99,4,59.96,rhutchin7y@springer.com,Washington
2021-06-22,Blueprints,Bsquare Robot Blueprint,8.99,1,8.99,mbrabenderar@wikipedia.org,Miami
2021-06-23,eBooks,Building Your Own Drone,24.99,5,124.94999999999999,mgales3v@123-reg.co.uk,Alhambra
2021-06-23,Drone Kits,BYOD-500,167,3,501,umacaindreisle@4shared.com,Salt Lake City
2021-06-23,eBooks,Delivery Drones,14.99,4,59.96,lrichter8e@163.com,New Orleans
2021-06-23,Blueprints,Cat Robot Blueprint,4.99,3,14.97,lstubbinsmv@livejournal.com,Chattanooga
2021-06-24,Blueprints,Ladybug Robot Blueprint,12,2,24,cbentinckn0@indiegogo.com,New York City
2021-06-24,eBooks,Building Your First Robot,24.95,3,74.85,rfulkph@ucsd.edu,Pocatello
2021-06-24,Drones,MICR-564K Drone,499,3,1497,shannafordmz@sciencedirect.com,Fort Wayne
2021-06-24,Drone Kits,BYOD-500,167,6,1002,kbolf8z@smh.com.au,Phoenix
2021-06-24,Drones,DX-145 Drone,250,3,750,bdej@posterous.com,Corpus Christi
2021-06-24,Training Videos,Understanding 3D Printing,42.99,3,128.97,kduesbury8d@tripod.com,Seattle
2021-06-25,eBooks,Photograph Drones,14.99,5,74.95,sforty6@fc2.com,Worcester
2021-06-25,Robots,RWW-75 Robot,883,2,1766,targonttna@indiegogo.com,Washington
2021-06-25,Robots,MICR-23K Robot,899,1,899,acussinsax@bloomberg.com,Phoenix
2021-06-26,eBooks,Delivery Drones,14.99,3,44.97,rbarfflh@oracle.com,Houston
2021-06-26,eBooks,Delta Robots,16.99,5,84.949999999999989,lcridlonkj@sina.com.cn,Springfield
2021-06-26,Robot Kits,BYOR-4005,245,2,490,dmithamcb@narod.ru,Saint Louis
2021-06-26,eBooks,Building Your Own Drone,24.99,6,149.94,afallow74@vistaprint.com,Des Moines
2021-06-27,Drones,DTI-84 Drone,455,6,2730,ythies3y@digg.com,Las Cruces
2021-06-27,Drones,DC-304 Drone,395,1,395,ccaitlinlc@shutterfly.com,Round Rock
2021-06-27,Drone Kits,BYOD-550,179,4,716,sdixceekl@vkontakte.ru,Lafayette
2021-06-27,eBooks,Understanding Artificial Intelligence,19.5,3,58.5,lholburybk@furl.net,Charlotte
2021-06-28,Training Videos,Industrial 3D Printing,49,4,196,mbetkepi@goo.gl,Garland
2021-06-28,Drone Kits,BYOD-200,58.95,3,176.85000000000002,sevason91@berkeley.edu,Pittsburgh
2021-06-28,Drones,DTD-7000 Drone,450,5,2250,rcossumba@devhub.com,Saint Louis
2021-06-28,eBooks,Multi Rotor Drones,24.95,4,99.8,dfison78@163.com,Long Beach
2021-06-29,Drone Kits,BYOD-100,54,5,270,pwallmanam@booking.com,Stamford
2021-06-29,eBooks,Building Your First Robot,24.95,5,124.75,mvosemk@hugedomains.com,Boston
2021-06-29,Training Videos,Drone Video Techniques,37.99,3,113.97,cartist90@theatlantic.com,Columbia
2021-06-29,eBooks,Fixed Wing Drones,15.5,3,46.5,astrikei9@opensource.org,Philadelphia
2021-06-29,Blueprints,Bsquare Robot Blueprint,8.99,1,8.99,cbasterfieldp7@indiatimes.com,Spartanburg
2021-06-29,Blueprints,Creature Robot Arms Blueprint,12,4,48,ctusonh0@hc360.com,New Orleans
2021-06-29,Blueprints,Creature Robot Arms Blueprint,12,2,24,rlevayis@angelfire.com,Lake Worth
2021-06-30,eBooks,RTF Drones,16.99,4,67.96,pcoltharddt@nature.com,Herndon
2021-06-30,Robots,RWW-75 Robot,883,2,1766,dbamsey14@admin.ch,Lake Charles
2021-06-30,Training Videos,Mapping with Drones,49,1,49,tmariansc4@dmoz.org,Corona
2021-06-30,Drone Kits,BYOD-100,54,3,162,lgertyan@theguardian.com,Las Vegas
2021-06-30,Drone Kits,BYOD-550,179,2,358,ktwallinin@berkeley.edu,Falls Church
2021-06-30,eBooks,Single Rotor Drones,14.99,3,44.97,bshillingtonn7@imageshack.us,El Paso
2021-06-30,eBooks,Understanding Artificial Intelligence,19.5,5,97.5,kuttersonmz@arstechnica.com,Panama City
2021-06-30,Drones,DTD-7000 Drone,450,6,2700,sweallf8@infoseek.co.jp,Young America
2021-07-01,Blueprints,Ladybug Robot Blueprint,12,3,36,jrobus9b@miitbeian.gov.cn,Colorado Springs
2021-07-01,eBooks,Understanding Artificial Intelligence,19.5,4,78,gcoopeydc@samsung.com,Atlanta
2021-07-01,eBooks,Helicopter Drones,20.95,3,62.849999999999994,fbrignalll3@google.com.au,El Paso
2021-07-01,Training Videos,AI for Educators,49.95,2,99.9,hbamletr9@google.nl,Sioux City
2021-07-01,Robot Kits,BYOR-3000,214,2,428,ajeppsjo@skype.com,Philadelphia
2021-07-01,Training Videos,Understanding Raspberry PI,28.99,5,144.95,akieranps@naver.com,Birmingham
2021-07-01,eBooks,Helicopter Drones,20.95,2,41.9,imacgillreichfg@ucoz.ru,Fort Myers
2021-07-01,eBooks,Articulated Robots,23.99,1,23.99,kquartermainmp@ning.com,Portsmouth
2021-07-01,Robot Kits,BYOR-3000,214,2,428,jscaddenpz@dot.gov,San Bernardino
2021-07-02,eBooks,Delivery Drones,14.99,5,74.95,hwimesbb@deviantart.com,Miami
2021-07-02,Training Videos,Robotic Essentials,34.99,2,69.98,ahardym@soup.io,Madison
2021-07-02,Training Videos,Virtual Reality Basics,29.99,2,59.98,rprimak91@imageshack.us,Reno
2021-07-03,Training Videos,Cloud Computing,29.99,2,59.98,bsambeck4f@wisc.edu,San Antonio
2021-07-03,Blueprints,QuadroCopter Blueprint,10.99,3,32.97,maldenr@g.co,New Orleans
2021-07-03,Blueprints,Creature Robot Arms Blueprint,12,4,48,ddunsmorehu@deliciousdays.com,Knoxville
2021-07-03,Drones,DTD-7000 Drone,450,3,1350,jnewlinq9@admin.ch,Jackson
2021-07-03,Training Videos,Robotic Essentials,34.99,4,139.96,lmcgarveyfn@unesco.org,Austin
2021-07-03,Training Videos,Industrial 3D Printing,49,4,196,cblatcher2y@163.com,Pittsburgh
2021-07-04,eBooks,Building Your Own Drone,24.99,3,74.97,ddik8@sphinn.com,Seattle
2021-07-05,Drones,DTD-7000 Drone,450,5,2250,akuhlen2@abc.net.au,Colorado Springs
2021-07-05,Robot Kits,BYOR-3000,214,2,428,cmckinstry3g@wired.com,Denver
2021-07-06,Robot Kits,BYOR-1000,189,3,567,mbignall8i@vinaora.com,Sterling
2021-07-06,eBooks,Building Your Own Drone,24.99,4,99.96,sfeifer3z@mit.edu,Tampa
2021-07-06,Drone Kits,BYOD-550,179,4,716,ebelamyq5@t-online.de,Denver
2021-07-06,Drones,DTD-7000 Drone,450,3,1350,ezanuttii6@rakuten.co.jp,El Paso
2021-07-06,Blueprints,QuadroCopter Blueprint,10.99,2,21.98,rpearfs@nytimes.com,Pueblo
2021-07-07,Blueprints,Creature Robot Arms Blueprint,12,3,36,rkeeling3y@redcross.org,Daytona Beach
2021-07-07,Robot Kits,BYOR-2640S,189,2,378,ascarsbrooke6g@bloglovin.com,Jackson
2021-07-07,eBooks,Single Rotor Drones,14.99,5,74.95,gdeevey9@springer.com,Harrisburg
2021-07-07,eBooks,Spherical Robots,16.75,4,67,aspur17@gmpg.org,Shreveport
2021-07-07,Training Videos,Aerial Security,36.99,6,221.94,wrowlstone4z@google.nl,White Plains
2021-07-08,Training Videos,AI for Educators,49.95,4,199.8,cthrelfallih@loc.gov,Irvine
2021-07-08,Drone Kits,BYOD-200,58.95,4,235.8,mstovin3z@indiegogo.com,Houston
2021-07-08,eBooks,Fixed Wing Drones,15.5,2,31,adavidih9@vinaora.com,New Hyde Park
2021-07-08,Drones,DC-304 Drone,395,4,1580,khatchette6f@timesonline.co.uk,Gary
2021-07-08,Blueprints,Hexacopter Drone Blueprint,8.99,2,17.98,aspittal36@opensource.org,Nashville
2021-07-08,Blueprints,QuadroCopter Blueprint,10.99,5,54.95,hcoultercx@sciencedaily.com,Inglewood
2021-07-09,Blueprints,QuadroCopter Blueprint,10.99,5,54.95,icastroj8@trellian.com,San Angelo
2021-07-09,eBooks,Drone Building Essentials,13.99,2,27.98,echicchelliko@surveymonkey.com,Winston Salem
2021-07-09,Training Videos,Understanding Drone Regulations,27.5,6,165,mbettis6i@sciencedirect.com,Wichita
2021-07-09,Drones,DTI-84 Drone,455,6,2730,rmcmurtyray@dot.gov,Albany
2021-07-09,Blueprints,QuadroCopter Blueprint,10.99,2,21.98,pstonehewerha@state.tx.us,Houston
2021-07-09,Robot Kits,BYOR-3000,214,5,1070,grewcassellp5@noaa.gov,Minneapolis
2021-07-10,Blueprints,Sleepy Eye Blueprint,11.99,1,11.99,dburnistondv@nymag.com,Evansville
2021-07-10,Robot Kits,BYOR-3535,225,6,1350,jsteinbl@discovery.com,Silver Spring
2021-07-10,eBooks,Multi Rotor Drones,24.95,5,124.75,sweallf8@infoseek.co.jp,Young America
2021-07-10,eBooks,Building Your First Robot,24.95,5,124.75,mcrankld@twitter.com,Tampa
2021-07-10,Drone Kits,BYOD-550,179,4,716,bbowering7w@buzzfeed.com,Brooklyn
2021-07-10,eBooks,Fixed Wing Drones,15.5,5,77.5,ukopecka4h@ox.ac.uk,Minneapolis
2021-07-10,Training Videos,Understanding 3D Printing,42.99,3,128.97,bcurme4@umich.edu,Houston
2021-07-11,Training Videos,Industrial 3D Printing,49,5,245,mferonns@over-blog.com,Austin
2021-07-11,Robots,RXW-9807 Robot,599,2,1198,ccrowtherlf@huffingtonpost.com,Pasadena
2021-07-11,Robot Kits,BYOR-4005,245,3,735,tzimmerman1p@multiply.com,Lexington
2021-07-11,Training Videos,Robotic Essentials,34.99,3,104.97,ipridenn5@cocolog-nifty.com,Atlanta
2021-07-11,Robots,RXW-9807 Robot,599,4,2396,bheditchad@icq.com,Miami
2021-07-11,Training Videos,Drone Video Techniques,37.99,2,75.98,akeppin4m@addtoany.com,New Orleans
2021-07-12,eBooks,Understanding Arduino,17.5,5,87.5,qgorsc3@wikipedia.org,Wilmington
2021-07-12,Drones,DTI-84 Drone,455,3,1365,rarthars3e@mysql.com,Humble
2021-07-12,Blueprints,Cat Robot Blueprint,4.99,3,14.97,cbarker7t@clickbank.net,Saint Petersburg
2021-07-12,Blueprints,Panda Robot Blueprint,7.99,4,31.96,bfoortdl@vimeo.com,Philadelphia
2021-07-12,eBooks,GPS Drones,19.99,5,99.949999999999989,areckkc@blogspot.com,San Diego
2021-07-12,Drone Kits,BYOD-220,69,3,207,mspencerj5@unblog.fr,Seattle
2021-07-12,Drones,MICR-564K Drone,499,4,1996,btucsellgm@hud.gov,Dallas
2021-07-13,eBooks,Delta Robots,16.99,1,16.99,dlardezgv@businessinsider.com,Fullerton
2021-07-13,Blueprints,Bsquare Robot Blueprint,8.99,2,17.98,lbinniebq@aol.com,Hollywood
2021-07-14,Robots,MICR-23K Robot,899,2,1798,jredwin34@joomla.org,Columbia
2021-07-14,Blueprints,Bsquare Robot Blueprint,8.99,4,35.96,mbetkepi@goo.gl,Garland
2021-07-14,Training Videos,AI for Educators,49.95,4,199.8,jtoffanelliqx@washington.edu,San Francisco
2021-07-15,eBooks,Polar Robots,23.99,3,71.97,tplitzp3@constantcontact.com,New Bedford
2021-07-15,Drones,DTI-84 Drone,455,3,1365,cgabrielaq@spotify.com,Stamford
2021-07-15,Drone Kits,BYOD-100,54,4,216,bwhitemanpf@dailymail.co.uk,Spokane
2021-07-15,Training Videos,Understanding 3D Printing,42.99,1,42.99,rprimak91@imageshack.us,Reno
2021-07-16,Drones,DX-145 Drone,250,3,750,arevettrq@boston.com,Corpus Christi
2021-07-16,Drone Kits,BYOD-100,54,2,108,jrosgenpy@marriott.com,Philadelphia
2021-07-16,Robots,RXW-9807 Robot,599,2,1198,kknibleypk@amazon.co.jp,Warren
2021-07-16,eBooks,Cartesian Robots,12.99,4,51.96,eblackader1@timesonline.co.uk,Stockton
2021-07-17,eBooks,Photograph Drones,14.99,3,44.97,fgrinikhinovmr@amazon.co.uk,Richmond
2021-07-17,eBooks,Photograph Drones,14.99,2,29.98,acumberpatch25@sfgate.com,Toledo
2021-07-17,Drone Kits,BYOD-400S,129.95,1,129.95,lrobacknn@newyorker.com,Madison
2021-07-17,Drone Kits,BYOD-400,119,1,119,jwileyh2@wordpress.com,Huntington
2021-07-17,Drone Kits,BYOD-220,69,3,207,lbaythropbi@dmoz.org,San Antonio
2021-07-17,Drone Kits,BYOD-400S,129.95,4,519.8,emcgonigle3v@ifeng.com,Chesapeake
2021-07-17,eBooks,Spherical Robots,16.75,4,67,jdallisongf@foxnews.com,New Orleans
2021-07-18,Blueprints,All Eyes Drone Blueprint,9.99,3,29.97,ajumonetoi@cbc.ca,Atlanta
2021-07-18,Drones,DA-SA702 Drone,399,3,1197,alowndes7x@wp.com,Houston
2021-07-18,Blueprints,Hexacopter Drone Blueprint,8.99,4,35.96,wlyness2x@twitpic.com,San Diego
2021-07-18,Drones,DTI-84 Drone,455,5,2275,afairpoge@joomla.org,Albany
2021-07-18,Blueprints,Creature Robot Arms Blueprint,12,3,36,tlorrimanqq@biglobe.ne.jp,San Jose
2021-07-18,eBooks,Delivery Drones,14.99,4,59.96,gtolomioo@ebay.co.uk,Lexington
2021-07-19,Robots,RCB-889 Robot,549,6,3294,egrigoree2@51.la,Orlando
2021-07-19,eBooks,Building Your First Robot,24.95,5,124.75,rseager3m@godaddy.com,Jamaica
2021-07-19,eBooks,Articulated Robots,23.99,4,95.96,dkeasymh@boston.com,Phoenix
2021-07-19,Training Videos,Understanding Drone Regulations,27.5,4,110,cbitchenomd@lycos.com,Houston
2021-07-19,Training Videos,Industrial 3D Printing,49,3,147,rdomoney10@washingtonpost.com,Raleigh
2021-07-19,Training Videos,Understanding 3D Printing,42.99,3,128.97,ghaddock54@live.com,North Little Rock
2021-07-20,Blueprints,Panda Robot Blueprint,7.99,3,23.97,ahallowellf1@bluehost.com,Sacramento
2021-07-20,Training Videos,Cloud Computing,29.99,5,149.95,azimmermanns3x@feedburner.com,Gilbert
2021-07-20,Drone Kits,BYOD-500,167,4,668,agenders72@virginia.edu,Silver Spring
2021-07-20,Training Videos,Virtual Reality Basics,29.99,4,119.96,iskurme4@jiathis.com,Lakeland
2021-07-21,eBooks,Delta Robots,16.99,2,33.98,challiburtonjx@wordpress.com,Anchorage
2021-07-21,Robot Kits,BYOR-1000,189,5,945,sinstrell7v@newyorker.com,Norwalk
2021-07-22,eBooks,Understanding Artificial Intelligence,19.5,4,78,jmcilvorayv@nydailynews.com,Long Beach
2021-07-22,Training Videos,Mapping with Drones,49,3,147,dnockb7@ycombinator.com,Austin
2021-07-22,eBooks,Helicopter Drones,20.95,3,62.849999999999994,clanneyiu@imdb.com,Canton
2021-07-22,eBooks,Building Your Own Drone,24.99,1,24.99,cbassqc@cdbaby.com,Greeley
2021-07-23,Robot Kits,BYOR-3000,214,2,428,dedgeler3u@booking.com,Columbus
2021-07-23,Training Videos,AI for Educators,49.95,5,249.75,cdavydochkini3@google.com.hk,Washington
2021-07-24,eBooks,Understanding Arduino,17.5,5,87.5,sgehringer4s@auda.org.au,Boston
2021-07-24,Robot Kits,BYOR-1000,189,4,756,bmourant33@bluehost.com,Evansville
2021-07-24,eBooks,Understanding Artificial Intelligence,19.5,2,39,mvezeyk7@newsvine.com,North Little Rock
2021-07-25,Training Videos,Understanding Drone Regulations,27.5,4,110,ariddeoughjm@ehow.com,Richmond
2021-07-25,Training Videos,Cloud Computing,29.99,2,59.98,grasmusas@i2i.jp,Washington
2021-07-25,Drones,DTD-7000 Drone,450,3,1350,mhasslocherm8@paginegialle.it,Fort Lauderdale
2021-07-25,Training Videos,Understanding Drone Regulations,27.5,4,110,shannafordmz@sciencedirect.com,Fort Wayne
2021-07-25,Drones,DC-304 Drone,395,2,790,cblowersdn@amazon.de,Chicago
2021-07-25,eBooks,Building Your Own Drone,24.99,3,74.97,thousecroftfp@taobao.com,Cincinnati
2021-07-26,Training Videos,Cloud Computing,29.99,4,119.96,aspittal36@opensource.org,Nashville
2021-07-27,eBooks,Multi Rotor Drones,24.95,4,99.8,cdollenob@si.edu,Denton
2021-07-27,Blueprints,QuadroCopter Blueprint,10.99,6,65.94,mabelwhitecs@yahoo.com,Vero Beach
2021-07-27,Robot Kits,BYOR-1000,189,3,567,sdixceekl@vkontakte.ru,Lafayette
2021-07-27,Training Videos,Understanding Raspberry PI,28.99,2,57.98,hendrizzik4@japanpost.jp,Canton
2021-07-27,Training Videos,Understanding Automation,44.95,3,134.85000000000002,tschultzeq@thetimes.co.uk,Fort Wayne
2021-07-27,Training Videos,Understanding Drone Regulations,27.5,3,82.5,bgulliforded@wordpress.com,Waterbury
2021-07-27,eBooks,Cartesian Robots,12.99,4,51.96,achesnaymo@ebay.com,Battle Creek
2021-07-28,Blueprints,Cat Robot Blueprint,4.99,2,9.98,kgarroldqn@blogtalkradio.com,Evansville
2021-07-28,Robot Kits,BYOR-3000,214,2,428,dlinzee4e@wsj.com,Tacoma
2021-07-28,Blueprints,Bsquare Robot Blueprint,8.99,2,17.98,coldallqc@senate.gov,Lawrenceville
2021-07-28,Training Videos,Open Source Code,32.95,2,65.9,balveyf@vimeo.com,Whittier
2021-07-29,Blueprints,QuadroCopter Blueprint,10.99,4,43.96,tstockings94@opera.com,Flint
2021-07-30,Blueprints,Hexacopter Drone Blueprint,8.99,3,26.97,onovotnanl@wordpress.org,Fort Pierce
2021-07-30,Drone Kits,BYOD-300,89,3,267,iasman6a@wired.com,Pasadena
2021-07-30,Training Videos,Virtual Reality Basics,29.99,2,59.98,dbernsgt@soundcloud.com,Virginia Beach
2021-07-30,Blueprints,Hexacopter Drone Blueprint,8.99,4,35.96,gmcmoyerc8@live.com,San Diego
2021-07-30,eBooks,Understanding Artificial Intelligence,19.5,3,58.5,vhuchotp0@lycos.com,Bismarck
2021-07-31,Training Videos,Robotic Essentials,34.99,2,69.98,mwaitonpx@fda.gov,Santa Fe
2021-07-31,Robots,RXW-9807 Robot,599,5,2995,respinosard@ebay.com,Terre Haute
2021-07-31,Training Videos,Understanding Automation,44.95,2,89.9,cdownseol@google.com,Des Moines
2021-07-31,Robots,MICR-23K Robot,899,4,3596,hbalmannht@skype.com,Los Angeles
2021-08-01,Drones,DX-145 Drone,250,2,500,jdallisongf@foxnews.com,New Orleans
2021-08-01,Training Videos,Understanding 3D Printing,42.99,3,128.97,tblaydon36@wsj.com,Albuquerque
2021-08-01,eBooks,Building Your First Robot,24.95,2,49.9,tderrington6x@mit.edu,Daytona Beach
2021-08-01,Training Videos,AI for Educators,49.95,4,199.8,bdearlovefl@yelp.com,Greensboro
2021-08-01,Robots,RWW-75 Robot,883,6,5298,ejurzykpb@sciencedaily.com,Washington
2021-08-02,Blueprints,QuadroCopter Blueprint,10.99,4,43.96,kbrewittgf@mac.com,Flint
2021-08-02,Blueprints,QuadroCopter Blueprint,10.99,4,43.96,abreewoodmm@studiopress.com,Oklahoma City
2021-08-02,Blueprints,Hexacopter Drone Blueprint,8.99,5,44.95,pwallworke9@blogs.com,Lawrenceville
2021-08-03,Training Videos,Open Source Code,32.95,3,98.850000000000009,ageverpd@ft.com,Anchorage
2021-08-03,Robots,RLK-9920 Robot,699,5,3495,ghanlon9e@sun.com,San Diego
2021-08-03,eBooks,Helicopter Drones,20.95,5,104.75,whumber1i@latimes.com,Sioux Falls
2021-08-03,Robots,RCB-889 Robot,549,3,1647,tmuneelyj9@nature.com,Detroit
2021-08-03,Robots,RQTE-554 Robot,684,3,2052,gcoltanha@stumbleupon.com,Lafayette
2021-08-03,eBooks,Building Your Own Drone,24.99,3,74.97,dewbanksf0@google.es,Scranton
2021-08-04,Blueprints,QuadroCopter Blueprint,10.99,3,32.97,aillyesic@answers.com,Mobile
2021-08-04,eBooks,Single Rotor Drones,14.99,4,59.96,cmckinstry3g@wired.com,Denver
2021-08-04,eBooks,Fixed Wing Drones,15.5,2,31,lwisniewskif0@buzzfeed.com,Kansas City
2021-08-04,Drones,DTD-7000 Drone,450,5,2250,ejablonskidi@adobe.com,Macon
2021-08-05,Drone Kits,BYOD-500,167,4,668,lpetrovicr3@newyorker.com,Roanoke
2021-08-05,Blueprints,Creature Robot Arms Blueprint,12,3,36,lwishkarbp@arstechnica.com,Springfield
2021-08-05,Training Videos,Drone Video Techniques,37.99,3,113.97,bwybrowgy@multiply.com,Washington
2021-08-05,Robot Kits,BYOR-4005,245,4,980,ccaitlinlc@shutterfly.com,Round Rock
2021-08-05,eBooks,GPS Drones,19.99,3,59.97,mmurkin3j@de.vu,San Jose
2021-08-05,Blueprints,Creature Robot Arms Blueprint,12,2,24,rsneden5y@dailymail.co.uk,Des Moines
2021-08-05,Drones,DA-SA702 Drone,399,1,399,sburmaster31@mashable.com,Beaufort
2021-08-05,eBooks,SCARA Robots,19.5,5,97.5,kwinfindale8t@sciencedaily.com,Houston
2021-08-05,Drone Kits,BYOD-550,179,4,716,sgehringer4s@auda.org.au,Boston
2021-08-06,Robot Kits,BYOR-1500,189,2,378,sduxbury2c@dell.com,Oklahoma City
2021-08-06,Training Videos,Understanding Raspberry PI,28.99,3,86.97,hwimesbb@deviantart.com,Miami
2021-08-06,eBooks,Drone Building Essentials,13.99,1,13.99,dtauntond0@about.me,San Francisco
2021-08-06,Robots,RWW-75 Robot,883,5,4415,hfaulconerbv@msu.edu,Galveston
2021-08-06,Training Videos,Industrial 3D Printing,49,3,147,jnewlinq9@admin.ch,Jackson
2021-08-07,eBooks,Polar Robots,23.99,4,95.96,rarthars3e@mysql.com,Humble
2021-08-07,Training Videos,Cloud Computing,29.99,4,119.96,driccardinijb@eventbrite.com,Decatur
2021-08-07,Robot Kits,BYOR-3535,225,3,675,bmartygineg@4shared.com,Washington
2021-08-07,Drone Kits,BYOD-300,89,2,178,wclamptonjc@pen.io,Nashville
2021-08-07,Blueprints,QuadroCopter Blueprint,10.99,3,32.97,gcruftsg0@fda.gov,Fresno
2021-08-08,Drones,DA-SA702 Drone,399,5,1995,rshielcz@photobucket.com,Brooklyn
2021-08-08,Training Videos,Virtual Reality Basics,29.99,3,89.97,ejurczik1j@booking.com,Fairfax
2021-08-08,Blueprints,Hexacopter Drone Blueprint,8.99,4,35.96,lmccomiskiemr@whitehouse.gov,Honolulu
2021-08-08,Drone Kits,BYOD-500,167,1,167,mshrubsallpf@psu.edu,Louisville
2021-08-09,Robot Kits,BYOR-1500,189,4,756,lartheyd6@cnbc.com,Louisville
2021-08-09,Training Videos,AI for Educators,49.95,1,49.95,rcharville3k@ovh.net,Anniston
2021-08-10,Robots,RCB-889 Robot,549,3,1647,ccrowtherlf@huffingtonpost.com,Pasadena
2021-08-11,Blueprints,Creature Robot Arms Blueprint,12,3,36,mheasleyd1@cnet.com,Rochester
2021-08-11,Training Videos,Understanding Drone Regulations,27.5,5,137.5,eporter9k@google.co.uk,Oakland
2021-08-11,Training Videos,Open Source Code,32.95,4,131.8,bblodgdr@webs.com,Trenton
2021-08-11,Drone Kits,BYOD-200,58.95,4,235.8,jsethkt@google.fr,Houston
2021-08-11,Training Videos,Virtual Reality Basics,29.99,5,149.95,driccardinijb@eventbrite.com,Decatur
2021-08-11,Training Videos,Understanding Automation,44.95,5,224.75,schattingtonqk@qq.com,Chattanooga
2021-08-11,Training Videos,Understanding Automation,44.95,4,179.8,acalladineai@narod.ru,Trenton
2021-08-11,eBooks,Cartesian Robots,12.99,5,64.95,tqueyospw@oaic.gov.au,Greensboro
2021-08-12,eBooks,Photograph Drones,14.99,5,74.95,fzavattieri4l@paypal.com,Garden Grove
2021-08-12,eBooks,Articulated Robots,23.99,4,95.96,smaffyjj@nbcnews.com,San Luis Obispo
2021-08-12,Training Videos,AI for Educators,49.95,5,249.75,hdarwentx@csmonitor.com,Arlington
2021-08-13,eBooks,RTF Drones,16.99,4,67.96,jmcilvorayv@nydailynews.com,Long Beach
2021-08-13,Drone Kits,BYOD-220,69,4,276,ydunton8s@joomla.org,Hartford
2021-08-13,Training Videos,Drone Video Techniques,37.99,3,113.97,dwaggju@globo.com,Marietta
2021-08-13,eBooks,Building Your Own Drone,24.99,5,124.94999999999999,kpieterg1@hibu.com,Young America
2021-08-14,Drones,DX-145 Drone,250,4,1000,santhill3n@spotify.com,Texarkana
2021-08-14,Drone Kits,BYOD-550,179,5,895,adinsec8@cam.ac.uk,Simi Valley
2021-08-14,eBooks,GPS Drones,19.99,4,79.96,mdrawmerit@wunderground.com,Greensboro
2021-08-14,eBooks,Cartesian Robots,12.99,2,25.98,sibbsid@furl.net,Pasadena
2021-08-15,eBooks,Articulated Robots,23.99,3,71.97,dtauntond0@about.me,San Francisco
2021-08-15,Training Videos,Understanding Automation,44.95,6,269.70000000000005,bdowsh4@mozilla.com,San Diego
2021-08-15,Training Videos,Mapping with Drones,49,4,196,mousley1o@pcworld.com,Boynton Beach
2021-08-16,Training Videos,AI for Educators,49.95,5,249.75,dbromagem4@tuttocitta.it,Bellevue
2021-08-16,Training Videos,Understanding Raspberry PI,28.99,3,86.97,byitzhokgq@blogtalkradio.com,Albany
2021-08-16,eBooks,Cartesian Robots,12.99,2,25.98,gscandretta4@printfriendly.com,Lexington
2021-08-16,eBooks,Understanding Arduino,17.5,2,35,mbuckmaster6b@mediafire.com,Detroit
2021-08-17,eBooks,Polar Robots,23.99,2,47.98,womohuno1@samsung.com,Washington
2021-08-17,eBooks,Building Your First Robot,24.95,3,74.85,lgearem6@weather.com,Killeen
2021-08-18,Training Videos,Industrial 3D Printing,49,5,245,dsyradh0@phoca.cz,Seattle
2021-08-18,Training Videos,Understanding Raspberry PI,28.99,3,86.97,akleinmintz3g@xing.com,Littleton
2021-08-18,Robots,RLK-9920 Robot,699,3,2097,zfuxmank3@virginia.edu,Trenton
2021-08-18,eBooks,Delivery Drones,14.99,5,74.95,ilowdhambx@bloglines.com,Ocala
2021-08-18,Robots,MICR-23K Robot,899,5,4495,afallow74@vistaprint.com,Des Moines
2021-08-18,eBooks,Building Your First Robot,24.95,1,24.95,htrask5m@oaic.gov.au,Phoenix
2021-08-19,eBooks,Articulated Robots,23.99,5,119.94999999999999,cbasterfieldp7@indiatimes.com,Spartanburg
2021-08-19,Training Videos,AI for Educators,49.95,3,149.85000000000002,ldibb9h@huffingtonpost.com,Hartford
2021-08-20,Training Videos,Robotic Essentials,34.99,2,69.98,lblunkettmo@phpbb.com,Miami
2021-08-20,Training Videos,Understanding 3D Printing,42.99,3,128.97,jbrayshayq3@flavors.me,Lubbock
2021-08-20,Robots,MICR-23K Robot,899,4,3596,gmasic8k@whitehouse.gov,Greeley
2021-08-20,Training Videos,Mapping with Drones,49,4,196,adunsire1q@feedburner.com,Jacksonville
2021-08-21,Drone Kits,BYOD-200,58.95,6,353.70000000000005,mrollingsonjl@miibeian.gov.cn,Tyler
2021-08-21,Training Videos,Aerial Security,36.99,5,184.95000000000002,rlargefw@about.com,Berkeley
2021-08-21,Blueprints,QuadroCopter Blueprint,10.99,3,32.97,eceney3@odnoklassniki.ru,Maple Plain
2021-08-21,eBooks,Understanding Arduino,17.5,1,17.5,siacapucci6x@tinypic.com,Albuquerque
2021-08-22,Robots,RLK-9920 Robot,699,4,2796,tenochkr@odnoklassniki.ru,Erie
2021-08-22,eBooks,Building Your First Robot,24.95,1,24.95,vcanwell9n@buzzfeed.com,Houston
2021-08-22,Robot Kits,BYOR-1500,189,4,756,mroderickm4@gizmodo.com,Saint Louis
2021-08-22,Blueprints,Panda Robot Blueprint,7.99,2,15.98,bmegaineyhk@blogtalkradio.com,Boston
2021-08-22,Robots,RCB-889 Robot,549,4,2196,loreillyk9@noaa.gov,Winter Haven
2021-08-22,eBooks,Helicopter Drones,20.95,2,41.9,rivicdb@indiatimes.com,Little Rock
2021-08-23,Drones,DA-SA702 Drone,399,2,798,cvanderson92@vimeo.com,Chicago
2021-08-23,Robots,RWW-75 Robot,883,4,3532,gbeadel7t@spiegel.de,Durham
2021-08-23,Training Videos,Understanding Automation,44.95,3,134.85000000000002,doluby5t@pcworld.com,Fairbanks
2021-08-23,eBooks,Delta Robots,16.99,5,84.949999999999989,eblakedenhc@imgur.com,Louisville
2021-08-24,Drone Kits,BYOD-400,119,6,714,tfaye3w@newsvine.com,Jersey City
2021-08-24,Blueprints,Panda Robot Blueprint,7.99,4,31.96,jbernaertqo@microsoft.com,Toledo
2021-08-24,eBooks,GPS Drones,19.99,4,79.96,mbaumer2@wikispaces.com,Denver
2021-08-24,Blueprints,Panda Robot Blueprint,7.99,5,39.95,wovanesian7k@wikipedia.org,Tucson
2021-08-25,eBooks,Delta Robots,16.99,4,67.96,tfaye3w@newsvine.com,Jersey City
2021-08-25,eBooks,GPS Drones,19.99,3,59.97,aiveanskk@wired.com,Springfield
2021-08-26,eBooks,Helicopter Drones,20.95,2,41.9,acardegs@ft.com,Baton Rouge
2021-08-26,Robot Kits,BYOR-3535,225,2,450,bnendick5z@mtv.com,Fresno
2021-08-26,Training Videos,Cloud Computing,29.99,2,59.98,rtomkinson47@nbcnews.com,Denver
2021-08-26,Robots,RCB-889 Robot,549,6,3294,sstollenhofco@shinystat.com,Colorado Springs
2021-08-26,Training Videos,Understanding Drone Regulations,27.5,4,110,nitchinghamaw@sakura.ne.jp,Port Saint Lucie
2021-08-26,eBooks,Drone Building Essentials,13.99,2,27.98,mrosbothamrr@techcrunch.com,Jacksonville
2021-08-27,Drones,DTD-7000 Drone,450,4,1800,wlyness2x@twitpic.com,San Diego
2021-08-27,Robot Kits,BYOR-1500,189,4,756,dhennemanna3@oakley.com,Mount Vernon
2021-08-28,Robot Kits,BYOR-3535,225,3,675,mtarrjp@theglobeandmail.com,Miami
2021-08-28,Blueprints,Sleepy Eye Blueprint,11.99,6,71.94,wwaisona4@people.com.cn,Cedar Rapids
2021-08-28,Blueprints,All Eyes Drone Blueprint,9.99,3,29.97,gstiggersdd@eventbrite.com,Saint Petersburg
2021-08-28,Training Videos,Understanding Raspberry PI,28.99,1,28.99,mgreenroydo5@mapquest.com,Phoenix
2021-08-28,Training Videos,Understanding 3D Printing,42.99,3,128.97,scanonhz@smugmug.com,Tacoma
2021-08-28,eBooks,Multi Rotor Drones,24.95,6,149.7,cwittringtonhp@netscape.com,Nashville
2021-08-28,Drone Kits,BYOD-300,89,2,178,xhulle6v@shinystat.com,Charlotte
2021-08-28,Blueprints,Hexacopter Drone Blueprint,8.99,4,35.96,tlednor7r@forbes.com,West Palm Beach
2021-08-28,Drones,DX-145 Drone,250,2,500,dvanqq@economist.com,Fort Lauderdale
2021-08-29,eBooks,Drone Building Essentials,13.99,5,69.95,atwiggs6n@typepad.com,Seattle
2021-08-29,Drones,DTD-7000 Drone,450,4,1800,bstichelom@adobe.com,Garland
2021-08-29,eBooks,Fixed Wing Drones,15.5,4,62,atrenfieldf6@nba.com,Boston
2021-08-29,Drones,DTD-7000 Drone,450,2,900,rcokayneh6@sciencedaily.com,Saint Paul
2021-08-29,eBooks,Fixed Wing Drones,15.5,2,31,bhegden7x@scientificamerican.com,Newark
2021-08-29,Training Videos,Drone Video Techniques,37.99,5,189.95000000000002,rkunischfi@dion.ne.jp,San Francisco
2021-08-30,Robots,MICR-23K Robot,899,5,4495,cassurcz@cmu.edu,Berkeley
2021-08-30,eBooks,Cartesian Robots,12.99,2,25.98,bmeiklamiv@myspace.com,Birmingham
2021-08-30,eBooks,Articulated Robots,23.99,3,71.97,coldallqc@senate.gov,Lawrenceville
2021-08-30,eBooks,Understanding Artificial Intelligence,19.5,3,58.5,rruddle1s@hhs.gov,San Bernardino
2021-08-31,Robot Kits,BYOR-3000,214,2,428,iarrolog@bloglines.com,Philadelphia
2021-08-31,Blueprints,Cat Robot Blueprint,4.99,5,24.950000000000003,lteal2l@cbc.ca,Schenectady
2021-08-31,Drone Kits,BYOD-100,54,2,108,tarchnl@gnu.org,Peoria
2021-08-31,Robot Kits,BYOR-3535,225,3,675,browlesiq@godaddy.com,Madison
2021-08-31,eBooks,GPS Drones,19.99,4,79.96,alucchijb@usda.gov,Houston
2021-08-31,eBooks,Drone Building Essentials,13.99,2,27.98,iardlingoh@chronoengine.com,Houston
2021-08-31,eBooks,Photograph Drones,14.99,3,44.97,jann7r@arizona.edu,Washington
2021-08-31,Training Videos,Virtual Reality Basics,29.99,3,89.97,gboutell1p@yolasite.com,Woburn
2021-09-01,Blueprints,Bsquare Robot Blueprint,8.99,3,26.97,ncordayee@boston.com,Philadelphia
2021-09-01,Robots,MICR-23K Robot,899,4,3596,dgaiter2k@va.gov,Albany
2021-09-01,Drones,MICR-564K Drone,499,2,998,apurchonep@live.com,London
2021-09-01,Blueprints,Ladybug Robot Blueprint,12,4,48,bblodgdr@webs.com,Trenton
2021-09-01,Training Videos,Mapping with Drones,49,5,245,tbelbin3b@is.gd,Berkeley
2021-09-02,Training Videos,Robotic Essentials,34.99,1,34.99,delnorm2@earthlink.net,Peoria
2021-09-02,Drone Kits,BYOD-300,89,3,267,wgallager55@drupal.org,Oklahoma City
2021-09-02,eBooks,Understanding Artificial Intelligence,19.5,2,39,ssiseland5p@go.com,Lake Charles
2021-09-03,Drone Kits,BYOD-300,89,3,267,mmeneerkx@symantec.com,Daytona Beach
2021-09-03,Blueprints,Sleepy Eye Blueprint,11.99,5,59.95,rdermotm7@spotify.com,Washington
2021-09-03,Robot Kits,BYOR-2640S,189,6,1134,cbassqc@cdbaby.com,Greeley
2021-09-03,Training Videos,Cloud Computing,29.99,5,149.95,fspencleyqv@posterous.com,Chicago
2021-09-03,Drones,MICR-564K Drone,499,4,1996,isorohr@symantec.com,Sioux Falls
2021-09-03,Robot Kits,BYOR-3535,225,3,675,jdobby73@ocn.ne.jp,Sacramento
2021-09-04,Training Videos,Mapping with Drones,49,5,245,smcfarlan7b@chronoengine.com,Orlando
2021-09-04,Blueprints,Sleepy Eye Blueprint,11.99,2,23.98,asouthallg@sohu.com,Daytona Beach
2021-09-04,Training Videos,AI for Educators,49.95,3,149.85000000000002,lwisniewskif0@buzzfeed.com,Kansas City
2021-09-04,eBooks,Articulated Robots,23.99,6,143.94,mmenlovelb@sbwire.com,Fresno
2021-09-04,Robots,RQTE-554 Robot,684,2,1368,ssabbatier5w@mediafire.com,Rochester
2021-09-05,eBooks,RTF Drones,16.99,5,84.949999999999989,bblodgdr@webs.com,Trenton
2021-09-05,Robots,RXW-9807 Robot,599,2,1198,aheggeg1@yellowpages.com,Columbus
2021-09-05,Robot Kits,BYOR-3000,214,3,642,gmalbon26@auda.org.au,Louisville
2021-09-05,eBooks,Understanding Arduino,17.5,3,52.5,awoolattbl@printfriendly.com,Chattanooga
2021-09-05,Robots,RWW-75 Robot,883,6,5298,pharlick2n@techcrunch.com,Pasadena
2021-09-06,Robot Kits,BYOR-1000,189,3,567,tcoytesas@technorati.com,Monticello
2021-09-06,eBooks,Polar Robots,23.99,1,23.99,rlevayis@angelfire.com,Lake Worth
2021-09-06,Drone Kits,BYOD-400,119,3,357,gagius9a@about.me,Houston
2021-09-06,eBooks,Articulated Robots,23.99,4,95.96,hcuckoooy@nba.com,Washington
2021-09-07,Drones,DTE-QFN20 Drone,250,3,750,apurchonep@live.com,London
2021-09-07,Blueprints,All Eyes Drone Blueprint,9.99,2,19.98,ijohanningrq@t-online.de,Kansas City
2021-09-07,eBooks,Photograph Drones,14.99,5,74.95,fmundfordgb@apple.com,Arlington
2021-09-07,eBooks,Helicopter Drones,20.95,6,125.69999999999999,vfadian2a@flickr.com,Jamaica
2021-09-07,Blueprints,Cat Robot Blueprint,4.99,4,19.96,nmcsperronj7@miitbeian.gov.cn,Los Angeles
2021-09-07,Drones,DTE-QFN20 Drone,250,6,1500,hmallowsnk@walmart.com,Cincinnati
2021-09-08,Drone Kits,BYOD-100,54,3,162,jgreghik@quantcast.com,Tampa
2021-09-08,Drones,DTI-84 Drone,455,6,2730,avangoh7@tamu.edu,Detroit
2021-09-09,eBooks,Photograph Drones,14.99,4,59.96,barmfirlda5@dailymotion.com,Seattle
2021-09-09,Blueprints,Hexacopter Drone Blueprint,8.99,5,44.95,msilbermannd0@yolasite.com,Detroit
2021-09-09,Training Videos,Industrial 3D Printing,49,4,196,tshaplingu@google.de,Springfield
2021-09-09,eBooks,Spherical Robots,16.75,4,67,mmushetis@privacy.gov.au,Baton Rouge
2021-09-09,Drone Kits,BYOD-400S,129.95,6,779.69999999999993,charrimanlo@meetup.com,York
2021-09-10,Drone Kits,BYOD-220,69,5,345,emcmurdore@ifeng.com,Topeka
2021-09-10,Robot Kits,BYOR-3535,225,5,1125,kkrienke78@amazon.co.uk,Hampton
2021-09-10,eBooks,Photograph Drones,14.99,1,14.99,wpailinb@mayoclinic.com,Pittsburgh
2021-09-10,Drone Kits,BYOD-200,58.95,3,176.85000000000002,gharrild56@sogou.com,Amarillo
2021-09-11,Drone Kits,BYOD-220,69,4,276,cchimentieu@discovery.com,Albany
2021-09-11,Drone Kits,BYOD-500,167,3,501,wgobeauk5@un.org,Reno
2021-09-11,Drone Kits,BYOD-550,179,3,537,rbagge56@ucla.edu,Saint Paul
2021-09-12,eBooks,SCARA Robots,19.5,4,78,tzannelibe@jimdo.com,Lubbock
2021-09-12,eBooks,RTF Drones,16.99,3,50.97,llockner5c@pen.io,Lubbock
2021-09-12,Robots,RWW-75 Robot,883,4,3532,mmitroshinovr@sfgate.com,San Francisco
2021-09-13,eBooks,Articulated Robots,23.99,5,119.94999999999999,achristolqa@networksolutions.com,Charleston
2021-09-14,Robots,RQTE-554 Robot,684,2,1368,mrollingsonjl@miibeian.gov.cn,Tyler
2021-09-14,Drones,MICR-564K Drone,499,3,1497,msmullenh1@yelp.com,Charlotte
2021-09-14,Drone Kits,BYOD-220,69,1,69,gpritchett9i@wikipedia.org,Jackson
2021-09-14,Robots,RXW-9807 Robot,599,5,2995,nwardropob@netlog.com,Grand Rapids
2021-09-15,Robot Kits,BYOR-3000,214,3,642,dlevermoremw@amazon.de,New York City
2021-09-16,eBooks,Fixed Wing Drones,15.5,2,31,jheindrick75@friendfeed.com,Dallas
2021-09-16,Robots,RLK-9920 Robot,699,6,4194,dtorrecilla46@indiegogo.com,Charlotte
2021-09-16,eBooks,Understanding Artificial Intelligence,19.5,2,39,rscoinesk6@blogspot.com,Madison
2021-09-16,Robot Kits,BYOR-3000,214,5,1070,bscollickpc@npr.org,Lexington
2021-09-16,Robots,MICR-23K Robot,899,3,2697,ecorleyee@jiathis.com,Carson City
2021-09-17,Drone Kits,BYOD-550,179,3,537,dshalloo5i@redcross.org,Yakima
2021-09-17,eBooks,Multi Rotor Drones,24.95,2,49.9,tleishmanmi@msu.edu,Pensacola
2021-09-17,Training Videos,Open Source Code,32.95,3,98.850000000000009,acrohanbc@dell.com,Fairfield
2021-09-17,Robot Kits,BYOR-4005,245,2,490,ecorleyee@jiathis.com,Carson City
2021-09-17,eBooks,Delta Robots,16.99,2,33.98,lbreukelman2q@pinterest.com,Evansville
2021-09-17,Robots,MICR-23K Robot,899,3,2697,ecleworthcq@hp.com,Columbus
2021-09-17,Drone Kits,BYOD-220,69,5,345,swaddingham6c@businessweek.com,Prescott
2021-09-18,Drone Kits,BYOD-100,54,3,162,dwoltonay@engadget.com,San Diego
2021-09-18,Drone Kits,BYOD-350,89.95,3,269.85,bkleanthousre@ox.ac.uk,Evansville
2021-09-18,Robots,RLK-9920 Robot,699,2,1398,mdanielish7@google.com.au,Savannah
2021-09-19,eBooks,Drone Building Essentials,13.99,5,69.95,mplewmano7@woothemes.com,Schenectady
2021-09-19,eBooks,Photograph Drones,14.99,1,14.99,bworsallf9@cnbc.com,Washington
2021-09-20,eBooks,RTF Drones,16.99,4,67.96,abrogang8@bandcamp.com,Corpus Christi
2021-09-20,Training Videos,Industrial 3D Printing,49,4,196,bescale84@ow.ly,Los Angeles
2021-09-20,Training Videos,Understanding Automation,44.95,4,179.8,htrask5m@oaic.gov.au,Phoenix
2021-09-21,Blueprints,Bsquare Robot Blueprint,8.99,1,8.99,hantonetti31@wix.com,Chattanooga
2021-09-21,Robots,RXW-9807 Robot,599,6,3594,lhydermu@microsoft.com,Oakland
2021-09-21,Blueprints,All Eyes Drone Blueprint,9.99,3,29.97,gpirnie8f@uol.com.br,Dayton
2021-09-21,Drone Kits,BYOD-100,54,5,270,dtorrecilla46@indiegogo.com,Charlotte
2021-09-21,Training Videos,Understanding Automation,44.95,5,224.75,rgaleafx@vimeo.com,Daytona Beach
2021-09-22,eBooks,Delivery Drones,14.99,6,89.94,aroddy41@dmoz.org,Grand Rapids
2021-09-23,Drones,DTI-84 Drone,455,2,910,babrahamssonje@twitter.com,Philadelphia
2021-09-24,eBooks,Cartesian Robots,12.99,3,38.97,dlevermoremw@amazon.de,New York City
2021-09-24,Blueprints,Panda Robot Blueprint,7.99,2,15.98,crohfsenoz@umn.edu,Lakeland
2021-09-24,Robot Kits,BYOR-1000,189,4,756,hfaulconerbv@msu.edu,Galveston
2021-09-24,Robots,RLK-9920 Robot,699,5,3495,fwardroperhw@domainmarket.com,Riverside
2021-09-24,Training Videos,Understanding Automation,44.95,6,269.70000000000005,bfroomq@acquirethisname.com,Salt Lake City
2021-09-24,Robot Kits,BYOR-1500,189,2,378,lphetteplacekt@utexas.edu,Brockton
2021-09-25,eBooks,GPS Drones,19.99,2,39.98,ajohananovix@miibeian.gov.cn,Seattle
2021-09-25,Training Videos,Cloud Computing,29.99,3,89.97,tbusten@si.edu,Grand Rapids
2021-09-25,eBooks,Single Rotor Drones,14.99,1,14.99,ssouttarmb@senate.gov,Austin
2021-09-25,Training Videos,AI for Educators,49.95,3,149.85000000000002,cbunnellma@google.nl,Memphis
2021-09-25,Drone Kits,BYOD-550,179,5,895,nhaglandnj@toplist.cz,Tucson
2021-09-25,Drone Kits,BYOD-400S,129.95,2,259.9,sricciardo57@creativecommons.org,San Angelo
2021-09-26,eBooks,Understanding Arduino,17.5,2,35,afarris5j@mediafire.com,San Jose
2021-09-26,Drones,DTI-84 Drone,455,5,2275,pgaskalb9@webnode.com,Flushing
2021-09-27,Blueprints,Bsquare Robot Blueprint,8.99,6,53.94,ccorbittif@java.com,Oakland
2021-09-27,Blueprints,Sleepy Eye Blueprint,11.99,2,23.98,schattingtonqk@qq.com,Chattanooga
2021-09-27,Robots,RXW-9807 Robot,599,4,2396,swinear7e@reddit.com,Valley Forge
2021-09-27,Blueprints,Bsquare Robot Blueprint,8.99,2,17.98,aboakesfa@t-online.de,Metairie
2021-09-28,Drones,MICR-564K Drone,499,2,998,dagronskiq9@surveymonkey.com,Clearwater
2021-09-28,Robots,MICR-23K Robot,899,4,3596,mscuphamj1@oaic.gov.au,El Paso
2021-09-28,Blueprints,Sleepy Eye Blueprint,11.99,3,35.97,jzellick84@ustream.tv,Washington
2021-09-29,eBooks,Photograph Drones,14.99,5,74.95,aalbersq1@pbs.org,Ventura
2021-09-29,eBooks,RTF Drones,16.99,3,50.97,cgunnyj2@nyu.edu,Tallahassee
2021-09-29,eBooks,Spherical Robots,16.75,2,33.5,eblackader1@timesonline.co.uk,Stockton
2021-09-29,Training Videos,Cloud Computing,29.99,4,119.96,aguiongo@behance.net,Houston
2021-09-30,Drones,DTD-7000 Drone,450,4,1800,eholleworth6j@de.vu,Richmond
2021-09-30,Blueprints,Panda Robot Blueprint,7.99,1,7.99,abelch59@chron.com,Flint
2021-09-30,eBooks,Building Your Own Drone,24.99,6,149.94,ytusonk8@buzzfeed.com,Chicago
2021-09-30,Drones,DTI-84 Drone,455,3,1365,pfarryannbq@tuttocitta.it,Trenton
2021-10-01,Drone Kits,BYOD-350,89.95,3,269.85,bhaycock23@kickstarter.com,Sioux Falls
2021-10-01,eBooks,Understanding Artificial Intelligence,19.5,2,39,hfurnivall1@bing.com,Round Rock
2021-10-02,Training Videos,Aerial Security,36.99,4,147.96,btomczynskinw@amazon.de,Minneapolis
2021-10-02,Drones,MICR-564K Drone,499,4,1996,mravenscrofttap@vinaora.com,Omaha
2021-10-03,Drone Kits,BYOD-500,167,4,668,tshaplingu@google.de,Springfield
2021-10-03,Drone Kits,BYOD-100,54,4,216,tprideku@1688.com,Buffalo
2021-10-03,eBooks,Understanding Artificial Intelligence,19.5,4,78,ceyersj9@usatoday.com,El Paso
2021-10-03,Drones,DX-145 Drone,250,3,750,llamport2z@hatena.ne.jp,San Diego
2021-10-03,eBooks,Multi Rotor Drones,24.95,4,99.8,tokeaveny41@fastcompany.com,Houston
2021-10-03,Blueprints,Bsquare Robot Blueprint,8.99,3,26.97,acrellinm4@marketwatch.com,Cincinnati
2021-10-03,Robot Kits,BYOR-1500,189,2,378,jharborowia@rambler.ru,Dayton
2021-10-04,Drones,DTE-QFN20 Drone,250,3,750,cbitchenomd@lycos.com,Houston
2021-10-04,eBooks,Single Rotor Drones,14.99,4,59.96,yalthrop8n@google.co.jp,Milwaukee
2021-10-04,eBooks,Helicopter Drones,20.95,2,41.9,rduckhousejz@unesco.org,Washington
2021-10-04,eBooks,Single Rotor Drones,14.99,4,59.96,selliottqs@google.cn,Wichita
2021-10-04,eBooks,Spherical Robots,16.75,3,50.25,jnizet22@multiply.com,Dearborn
2021-10-05,Drones,MICR-564K Drone,499,4,1996,jmatignon7o@dailymotion.com,El Paso
2021-10-05,eBooks,Understanding Arduino,17.5,4,70,mcolbornlx@java.com,Canton
2021-10-05,eBooks,Understanding Arduino,17.5,2,35,mcolbornlx@java.com,Canton
2021-10-05,eBooks,Delta Robots,16.99,3,50.97,wovanesian7k@wikipedia.org,Tucson
2021-10-05,eBooks,Polar Robots,23.99,2,47.98,cbonifant8g@wisc.edu,El Paso
2021-10-06,Robot Kits,BYOR-1000,189,4,756,jnowlandms@cbsnews.com,Schenectady
2021-10-06,Blueprints,Sleepy Eye Blueprint,11.99,4,47.96,myitzhakl5@stumbleupon.com,Philadelphia
2021-10-06,Training Videos,Understanding Raspberry PI,28.99,1,28.99,isipsona0@ftc.gov,Mobile
2021-10-07,eBooks,GPS Drones,19.99,6,119.94,kkneathqp@spotify.com,San Antonio
2021-10-07,Training Videos,Understanding Automation,44.95,1,44.95,arelfro@dion.ne.jp,Pittsburgh
2021-10-07,Robot Kits,BYOR-3535,225,4,900,krichmond9g@mozilla.org,Fort Smith
2021-10-08,eBooks,RTF Drones,16.99,4,67.96,azimmermanns3x@feedburner.com,Gilbert
2021-10-08,Robot Kits,BYOR-3000,214,5,1070,lbleimanl4@alexa.com,Tampa
2021-10-08,Drones,DC-304 Drone,395,4,1580,pwickeykn@noaa.gov,Young America
2021-10-09,eBooks,Delivery Drones,14.99,1,14.99,prollasoneg@washingtonpost.com,Lancaster
2021-10-09,Training Videos,Mapping with Drones,49,4,196,bzahor4t@exblog.jp,Des Moines
2021-10-09,Blueprints,Hexacopter Drone Blueprint,8.99,3,26.97,wgrievesonoo@latimes.com,Torrance
2021-10-09,Training Videos,Cloud Computing,29.99,5,149.95,tgianilli6c@newsvine.com,Nashville
2021-10-09,Robot Kits,BYOR-4005,245,4,980,wkilcullenij@canalblog.com,Lancaster
2021-10-10,Training Videos,Virtual Reality Basics,29.99,2,59.98,dsollettq0@1und1.de,Richmond
2021-10-10,Blueprints,QuadroCopter Blueprint,10.99,4,43.96,klyer8@fotki.com,Syracuse
2021-10-10,Robot Kits,BYOR-3535,225,5,1125,echapell2g@unc.edu,Saint Paul
2021-10-10,Blueprints,QuadroCopter Blueprint,10.99,2,21.98,klyer8@fotki.com,Syracuse
2021-10-10,eBooks,Understanding Artificial Intelligence,19.5,3,58.5,freay3g@abc.net.au,Edmond
2021-10-11,Training Videos,Understanding Automation,44.95,2,89.9,kcoen29@loc.gov,Savannah
2021-10-11,Blueprints,Sleepy Eye Blueprint,11.99,3,35.97,cgillionm7@cdc.gov,Houston
2021-10-12,Blueprints,Sleepy Eye Blueprint,11.99,2,23.98,aclampe8f@geocities.jp,Albany
2021-10-12,eBooks,Multi Rotor Drones,24.95,5,124.75,mlillford24@yelp.com,Toledo
2021-10-13,Robot Kits,BYOR-3000,214,5,1070,mhaskins5@ibm.com,Reno
2021-10-13,Training Videos,Mapping with Drones,49,3,147,wurenec@uiuc.edu,Dayton
2021-10-13,Training Videos,Industrial 3D Printing,49,4,196,drosberg6u@simplemachines.org,San Diego
2021-10-13,Drone Kits,BYOD-100,54,3,162,lpetrovicr3@newyorker.com,Roanoke
2021-10-13,eBooks,Multi Rotor Drones,24.95,2,49.9,tmallyael@php.net,Arlington
2021-10-13,Training Videos,Drone Video Techniques,37.99,2,75.98,tpistol34@mashable.com,Scranton
2021-10-13,Training Videos,Aerial Security,36.99,1,36.99,aeschalotteih@virginia.edu,El Paso
2021-10-13,Training Videos,AI for Educators,49.95,4,199.8,wsayergy@prnewswire.com,Bradenton
2021-10-14,Training Videos,Understanding Drone Regulations,27.5,2,55,jwoodiercp@netlog.com,Saint Petersburg
2021-10-14,Training Videos,Industrial 3D Printing,49,5,245,roshieldi@tiny.cc,Bridgeport
2021-10-14,Training Videos,Industrial 3D Printing,49,3,147,sraffelsm2@time.com,Portland
2021-10-14,eBooks,Photograph Drones,14.99,1,14.99,arelfro@dion.ne.jp,Pittsburgh
2021-10-14,eBooks,Building Your Own Drone,24.99,3,74.97,drosewellmi@baidu.com,South Bend
2021-10-14,eBooks,Understanding Artificial Intelligence,19.5,2,39,mbermingham2d@php.net,Chico
2021-10-15,eBooks,Multi Rotor Drones,24.95,2,49.9,bescale84@ow.ly,Los Angeles
2021-10-15,Training Videos,Industrial 3D Printing,49,4,196,epetegreem0@hhs.gov,Spokane
2021-10-15,Training Videos,Understanding Automation,44.95,4,179.8,mdibenn6@blogger.com,Sarasota
2021-10-15,eBooks,Fixed Wing Drones,15.5,5,77.5,ucastanhoq7@who.int,Miami
2021-10-15,Drone Kits,BYOD-220,69,5,345,sgriswood9u@forbes.com,San Diego
2021-10-15,Drones,MICR-564K Drone,499,4,1996,enestle3o@mac.com,Jamaica
2021-10-16,Robots,MICR-23K Robot,899,3,2697,jdeaconsonqb@usgs.gov,Winston Salem
2021-10-16,Blueprints,Hexacopter Drone Blueprint,8.99,2,17.98,celsdonjw@flavors.me,New Orleans
2021-10-17,Drone Kits,BYOD-200,58.95,3,176.85000000000002,hgrigs3y@microsoft.com,Boston
2021-10-17,eBooks,GPS Drones,19.99,2,39.98,tlittlejd@liveinternet.ru,Washington
2021-10-18,Training Videos,Cloud Computing,29.99,3,89.97,mkuhnelbm@slate.com,Washington
2021-10-18,Blueprints,All Eyes Drone Blueprint,9.99,4,39.96,escougalda@desdev.cn,Fresno
2021-10-19,Drone Kits,BYOD-300,89,3,267,awalshj1@dell.com,Mesa
2021-10-19,Drone Kits,BYOD-200,58.95,3,176.85000000000002,vbeals8s@t.co,Topeka
2021-10-19,Training Videos,Aerial Security,36.99,4,147.96,dgaiter2k@va.gov,Albany
2021-10-19,Robots,RLK-9920 Robot,699,5,3495,bheditchad@icq.com,Miami
2021-10-19,eBooks,RTF Drones,16.99,4,67.96,tmallyael@php.net,Arlington
2021-10-19,Drone Kits,BYOD-550,179,5,895,aambrosi3s@sogou.com,Albany
2021-10-20,Training Videos,Understanding Drone Regulations,27.5,2,55,mscuphamj1@oaic.gov.au,El Paso
2021-10-20,Blueprints,Hexacopter Drone Blueprint,8.99,5,44.95,mwherry9r@csmonitor.com,Tampa
2021-10-20,Drone Kits,BYOD-400S,129.95,1,129.95,dhothersall9z@printfriendly.com,Monroe
2021-10-21,Training Videos,Industrial 3D Printing,49,4,196,ccaitlinlc@shutterfly.com,Round Rock
2021-10-21,eBooks,Polar Robots,23.99,5,119.94999999999999,tmcgarry75@narod.ru,Washington
2021-10-21,Drone Kits,BYOD-350,89.95,1,89.95,wortigerp5@noaa.gov,Hartford
2021-10-21,Robot Kits,BYOR-3535,225,4,900,mfryettav@liveinternet.ru,Miami
2021-10-21,Robots,RQTE-554 Robot,684,3,2052,gde6n@dmoz.org,Austin
2021-10-22,Drone Kits,BYOD-500,167,5,835,gcraiseo1@weibo.com,Rochester
2021-10-22,Robot Kits,BYOR-3535,225,4,900,ggallaherhm@newsvine.com,Phoenix
2021-10-22,eBooks,Polar Robots,23.99,3,71.97,vcanwell9n@buzzfeed.com,Houston
2021-10-23,Robot Kits,BYOR-3535,225,3,675,jhallidayrl@dell.com,Portland
2021-10-23,Blueprints,QuadroCopter Blueprint,10.99,2,21.98,aheeleyna@amazon.co.jp,Springfield
2021-10-23,Drone Kits,BYOD-220,69,3,207,jjohnesgq@ca.gov,North Port
2021-10-23,eBooks,Polar Robots,23.99,5,119.94999999999999,lolfordpj@marriott.com,North Las Vegas
2021-10-24,Blueprints,QuadroCopter Blueprint,10.99,5,54.95,yedisongm@comcast.net,Atlanta
2021-10-24,Training Videos,Mapping with Drones,49,2,98,csowrahah@opera.com,Bronx
2021-10-24,Drone Kits,BYOD-350,89.95,2,179.9,tprideku@1688.com,Buffalo
2021-10-25,eBooks,Polar Robots,23.99,3,71.97,wurenec@uiuc.edu,Dayton
2021-10-25,Robots,RCB-889 Robot,549,1,549,challiburtonjx@wordpress.com,Anchorage
2021-10-26,Drones,MICR-564K Drone,499,3,1497,rbrumby9z@abc.net.au,Richmond
2021-10-26,Robot Kits,BYOR-3000,214,1,214,ahollyland65@marketwatch.com,Wilmington
2021-10-26,Robot Kits,BYOR-2640S,189,3,567,jlinnard3f@plala.or.jp,Nashville
2021-10-26,eBooks,Spherical Robots,16.75,3,50.25,ddik8@sphinn.com,Seattle
2021-10-27,Drones,DTI-84 Drone,455,4,1820,gagius9a@about.me,Houston
2021-10-27,Drones,DTI-84 Drone,455,3,1365,cmacmichael5y@businesswire.com,Tucson
2021-10-27,Drones,DTI-84 Drone,455,5,2275,cmacmichael5y@businesswire.com,Tucson
2021-10-27,Drone Kits,BYOD-550,179,4,716,sojf@businessinsider.com,Omaha
2021-10-28,Drones,DTE-QFN20 Drone,250,2,500,ibelfelteo@dedecms.com,Chicago
2021-10-28,Training Videos,AI for Educators,49.95,4,199.8,smixturere@businesswire.com,New Hyde Park
2021-10-28,Training Videos,Understanding Drone Regulations,27.5,3,82.5,dtheodoris2s@drupal.org,Albany
2021-10-28,Training Videos,Virtual Reality Basics,29.99,2,59.98,fraylton54@fema.gov,Englewood
2021-10-29,Drones,DTE-QFN20 Drone,250,2,500,ebartelsellisll@va.gov,Rockford
2021-10-29,Training Videos,AI for Educators,49.95,3,149.85000000000002,jbestwerthick7n@sciencedaily.com,Mobile
2021-10-29,Training Videos,Mapping with Drones,49,1,49,bmedewaylp@dailymotion.com,San Francisco
2021-10-29,Blueprints,Ladybug Robot Blueprint,12,5,60,ksteershp@ameblo.jp,San Diego
2021-10-29,Drones,DTD-7000 Drone,450,3,1350,llee6@reddit.com,Trenton
2021-10-30,eBooks,Cartesian Robots,12.99,4,51.96,ejurczik1j@booking.com,Fairfax
2021-10-30,Drones,DTD-7000 Drone,450,2,900,elittleproudqf@bigcartel.com,Greenville
2021-10-30,Robot Kits,BYOR-2640S,189,3,567,dshalloo5i@redcross.org,Yakima
2021-10-30,Drones,DX-145 Drone,250,2,500,pgardjv@smugmug.com,New York City
2021-10-30,Blueprints,Sleepy Eye Blueprint,11.99,3,35.97,egrigoree2@51.la,Orlando
2021-10-31,eBooks,Cartesian Robots,12.99,1,12.99,bwhitemanpf@dailymail.co.uk,Spokane
2021-10-31,Drones,DTD-7000 Drone,450,4,1800,hstainfieldqj@163.com,Memphis
2021-10-31,Robot Kits,BYOR-3535,225,2,450,arudingerbh@nps.gov,Odessa
2021-10-31,Drone Kits,BYOD-500,167,2,334,doliverpaullmb@vinaora.com,Fort Wayne
2021-11-01,eBooks,Building Your First Robot,24.95,5,124.75,iorth45@odnoklassniki.ru,Anaheim
2021-11-01,Blueprints,Sleepy Eye Blueprint,11.99,4,47.96,ctusonh0@hc360.com,New Orleans
2021-11-01,Training Videos,Robotic Essentials,34.99,2,69.98,mbaudinoav@about.com,Washington
2021-11-01,Drones,DX-145 Drone,250,4,1000,tcharette2c@google.com.br,Akron
2021-11-01,Drone Kits,BYOD-100,54,3,162,aouldip@reference.com,Port Charlotte
2021-11-01,Robot Kits,BYOR-3535,225,2,450,datwood4f@diigo.com,Washington
2021-11-02,Training Videos,AI for Educators,49.95,6,299.70000000000005,bdecourcy5n@blogspot.com,Mobile
2021-11-02,Blueprints,Hexacopter Drone Blueprint,8.99,2,17.98,llamport2z@hatena.ne.jp,San Diego
2021-11-02,Robot Kits,BYOR-2640S,189,3,567,bknowlmanki@rediff.com,Atlanta
2021-11-02,eBooks,Cartesian Robots,12.99,3,38.97,bworsallf9@cnbc.com,Washington
2021-11-03,Robot Kits,BYOR-2640S,189,4,756,npulteneyeio@pcworld.com,Flint
2021-11-03,eBooks,Articulated Robots,23.99,4,95.96,tmallyael@php.net,Arlington
2021-11-03,Drones,DA-SA702 Drone,399,1,399,clecm@miibeian.gov.cn,Shreveport
2021-11-03,Robots,RQTE-554 Robot,684,3,2052,fpeiser7b@yale.edu,Pocatello
2021-11-03,Drone Kits,BYOD-400,119,2,238,mrollingsonjl@miibeian.gov.cn,Tyler
2021-11-04,eBooks,Understanding Arduino,17.5,4,70,tniezen6u@symantec.com,Las Vegas
2021-11-04,eBooks,RTF Drones,16.99,5,84.949999999999989,kgarroldqn@blogtalkradio.com,Evansville
2021-11-05,eBooks,RTF Drones,16.99,4,67.96,faron9f@51.la,San Diego
2021-11-05,Robots,RQTE-554 Robot,684,2,1368,ilethbyib@ustream.tv,Brooklyn
2021-11-05,Blueprints,Bsquare Robot Blueprint,8.99,4,35.96,eburgoinng@gmpg.org,Atlanta
2021-11-05,Robots,RXW-9807 Robot,599,2,1198,rwinship67@ox.ac.uk,Sioux Falls
2021-11-05,eBooks,Spherical Robots,16.75,5,83.75,imackeoghhh@foxnews.com,Washington
2021-11-06,Blueprints,Bsquare Robot Blueprint,8.99,6,53.94,afanning12@dmoz.org,Arlington
2021-11-06,Blueprints,Ladybug Robot Blueprint,12,5,60,tburch7g@jugem.jp,Fort Lauderdale
2021-11-06,Training Videos,Industrial 3D Printing,49,5,245,ameasenbt@hubpages.com,Newark
2021-11-07,eBooks,Spherical Robots,16.75,2,33.5,bscoginm3@yelp.com,Saint Louis
2021-11-07,Training Videos,AI for Educators,49.95,4,199.8,rechalier4o@hexun.com,Los Angeles
2021-11-07,Drone Kits,BYOD-200,58.95,2,117.9,hthewqd@hhs.gov,Bethesda
2021-11-07,Training Videos,Understanding 3D Printing,42.99,2,85.98,thamil87@telegraph.co.uk,Detroit
2021-11-07,Drones,DTE-QFN20 Drone,250,2,500,msilbermannd0@yolasite.com,Detroit
2021-11-07,eBooks,Delivery Drones,14.99,3,44.97,ekondratowiczqh@photobucket.com,El Paso
2021-11-08,Robot Kits,BYOR-2640S,189,5,945,aolanda1f@cornell.edu,Johnstown
2021-11-08,Robots,RWW-75 Robot,883,3,2649,jmeritib@sphinn.com,Madison
2021-11-08,Training Videos,Understanding Automation,44.95,3,134.85000000000002,lditchnu@mlb.com,Beaufort
2021-11-08,Drones,MICR-564K Drone,499,5,2495,pduboself@photobucket.com,Sioux City
2021-11-08,Training Videos,Cloud Computing,29.99,4,119.96,hendrizzik4@japanpost.jp,Canton
2021-11-08,eBooks,Photograph Drones,14.99,2,29.98,xhulle6v@shinystat.com,Charlotte
2021-11-08,Robot Kits,BYOR-3535,225,2,450,bflintls@bloglovin.com,Santa Barbara
2021-11-08,Drones,DX-145 Drone,250,5,1250,jdobby73@ocn.ne.jp,Sacramento
2021-11-08,eBooks,Understanding Artificial Intelligence,19.5,5,97.5,cbaylessm3@mayoclinic.com,Charleston
2021-11-08,Drone Kits,BYOD-200,58.95,5,294.75,rbaswall9t@topsy.com,Staten Island
2021-11-09,eBooks,Understanding Artificial Intelligence,19.5,5,97.5,gstiggersdd@eventbrite.com,Saint Petersburg
2021-11-09,eBooks,Articulated Robots,23.99,5,119.94999999999999,dtorrecilla46@indiegogo.com,Charlotte
2021-11-09,Training Videos,Understanding Raspberry PI,28.99,5,144.95,nshillabeerle@skype.com,Atlanta
2021-11-09,Robots,MICR-23K Robot,899,1,899,jredwin34@joomla.org,Columbia
2021-11-09,Blueprints,Creature Robot Arms Blueprint,12,2,24,istanlickmq@constantcontact.com,Cumming
2021-11-09,eBooks,Building Your Own Drone,24.99,5,124.94999999999999,bhaycock23@kickstarter.com,Sioux Falls
2021-11-10,Drone Kits,BYOD-100,54,3,162,ghaddock54@live.com,North Little Rock
2021-11-10,eBooks,Delivery Drones,14.99,5,74.95,ykikkec5@bing.com,Arlington
2021-11-10,eBooks,Drone Building Essentials,13.99,5,69.95,challiburtonjx@wordpress.com,Anchorage
2021-11-11,eBooks,Building Your First Robot,24.95,5,124.75,mcaddan7a@tinyurl.com,Decatur
2021-11-11,Training Videos,Mapping with Drones,49,2,98,jseelerok@odnoklassniki.ru,Salt Lake City
2021-11-11,Drones,DC-304 Drone,395,5,1975,akeppin4m@addtoany.com,New Orleans
2021-11-12,Blueprints,Creature Robot Arms Blueprint,12,5,60,syoull17@house.gov,Indianapolis
2021-11-12,Drone Kits,BYOD-220,69,1,69,rkeelanoc@yolasite.com,Trenton
2021-11-12,Training Videos,Understanding Raspberry PI,28.99,2,57.98,grewcassellp5@noaa.gov,Minneapolis
2021-11-12,eBooks,Photograph Drones,14.99,5,74.95,akellawayds@github.io,Lawrenceville
2021-11-12,eBooks,Articulated Robots,23.99,2,47.98,egrigoree2@51.la,Orlando
2021-11-13,eBooks,Understanding Arduino,17.5,6,105,wbernolet9v@ft.com,Appleton
2021-11-13,Drone Kits,BYOD-400S,129.95,5,649.75,aloniep3@pinterest.com,Bellevue
2021-11-13,Training Videos,Open Source Code,32.95,4,131.8,bzorer79@squarespace.com,Lexington
2021-11-13,eBooks,SCARA Robots,19.5,2,39,ocreanekp@nature.com,Orlando
2021-11-14,Training Videos,Understanding Drone Regulations,27.5,3,82.5,dbiddelljy@privacy.gov.au,Juneau
2021-11-15,eBooks,Fixed Wing Drones,15.5,2,31,sstronghillc1@google.nl,Midland
2021-11-15,Robot Kits,BYOR-2640S,189,6,1134,lcotaeq@prweb.com,Oakland
2021-11-15,Drone Kits,BYOD-550,179,2,358,bdunseathai@cisco.com,Dallas
2021-11-16,Robots,RCB-889 Robot,549,2,1098,jsethkt@google.fr,Houston
2021-11-16,Robots,RCB-889 Robot,549,2,1098,gemeneyci@wikimedia.org,North Hollywood
2021-11-16,Blueprints,Creature Robot Arms Blueprint,12,4,48,kcoffeych@posterous.com,Pomona
2021-11-17,eBooks,Drone Building Essentials,13.99,1,13.99,hcarfflq@freewebs.com,Columbus
2021-11-18,Blueprints,Bsquare Robot Blueprint,8.99,5,44.95,grasmusas@i2i.jp,Washington
2021-11-18,Robot Kits,BYOR-1000,189,3,567,ntolussidy@sciencedaily.com,El Paso
2021-11-18,Training Videos,AI for Educators,49.95,6,299.70000000000005,wcuthbertson2s@wix.com,New York City
2021-11-18,eBooks,Articulated Robots,23.99,4,95.96,kbonnetmg@google.com.br,Los Angeles
2021-11-19,Drones,DX-145 Drone,250,6,1500,rlargefw@about.com,Berkeley
2021-11-19,Blueprints,Sleepy Eye Blueprint,11.99,4,47.96,acalladineai@narod.ru,Trenton
2021-11-19,Blueprints,Sleepy Eye Blueprint,11.99,4,47.96,csarvarl6@freewebs.com,Memphis
2021-11-19,eBooks,Delta Robots,16.99,3,50.97,bheditchad@icq.com,Miami
2021-11-19,eBooks,Drone Building Essentials,13.99,2,27.98,tpulferql@wsj.com,New Orleans
2021-11-19,Drone Kits,BYOD-400,119,4,476,fstebbings6w@latimes.com,Richmond
2021-11-19,Robot Kits,BYOR-3000,214,5,1070,eskerrett4y@bravesites.com,Seattle
2021-11-20,eBooks,Articulated Robots,23.99,4,95.96,acardegs@ft.com,Baton Rouge
2021-11-21,Blueprints,Sleepy Eye Blueprint,11.99,4,47.96,dweedenburga6@unc.edu,Peoria
2021-11-21,Robot Kits,BYOR-1000,189,3,567,ekondratowiczqh@photobucket.com,El Paso
2021-11-21,eBooks,Understanding Artificial Intelligence,19.5,3,58.5,tpegden7c@google.de,Denver
2021-11-21,eBooks,Building Your Own Drone,24.99,3,74.97,mwhiteleypw@istockphoto.com,Trenton
2021-11-21,eBooks,Delivery Drones,14.99,3,44.97,wgallager55@drupal.org,Oklahoma City
2021-11-21,Blueprints,All Eyes Drone Blueprint,9.99,2,19.98,achesnaymo@ebay.com,Battle Creek
2021-11-21,Training Videos,Cloud Computing,29.99,3,89.97,cbonifant8g@wisc.edu,El Paso
2021-11-21,Drones,DC-304 Drone,395,2,790,gokeshottqp@ning.com,Norfolk
2021-11-21,Drone Kits,BYOD-220,69,6,414,jsumpner5u@google.com.au,Miami
2021-11-22,eBooks,Delivery Drones,14.99,5,74.95,amaylin91@cbc.ca,Oklahoma City
2021-11-22,Robot Kits,BYOR-3000,214,4,856,marrigoly@hibu.com,Sacramento
2021-11-22,Blueprints,Ladybug Robot Blueprint,12,2,24,jbrannanq9@ustream.tv,Dayton
2021-11-22,eBooks,SCARA Robots,19.5,4,78,mbaumer2@wikispaces.com,Denver
2021-11-22,Blueprints,Sleepy Eye Blueprint,11.99,4,47.96,tgrzelczakgc@feedburner.com,Cumming
2021-11-22,Drone Kits,BYOD-300,89,4,356,niglesia2s@stumbleupon.com,Prescott
2021-11-23,Robots,MICR-23K Robot,899,2,1798,hhassank@yelp.com,New Castle
2021-11-23,Blueprints,QuadroCopter Blueprint,10.99,5,54.95,giacivelli1a@skyrock.com,New York City
2021-11-23,Robots,MICR-23K Robot,899,5,4495,rrichlyg8@infoseek.co.jp,Miami Beach
2021-11-23,Robots,RCB-889 Robot,549,3,1647,mpaddell6k@jiathis.com,Hartford
2021-11-24,Training Videos,Open Source Code,32.95,6,197.70000000000002,ddunsmorehu@deliciousdays.com,Knoxville
2021-11-24,Training Videos,Understanding 3D Printing,42.99,3,128.97,hsurgey8h@cbslocal.com,Saint Louis
2021-11-24,eBooks,Understanding Arduino,17.5,4,70,malenichicovqh@ftc.gov,Lake Worth
2021-11-24,eBooks,Photograph Drones,14.99,3,44.97,wrowlstone4z@google.nl,White Plains
2021-11-25,Drones,DTE-QFN20 Drone,250,2,500,dbernardesj7@cornell.edu,Lafayette
2021-11-25,Robot Kits,BYOR-2640S,189,3,567,ssiggn0@canalblog.com,Decatur
2021-11-25,Robot Kits,BYOR-3000,214,3,642,ehightown7@free.fr,Chicago
2021-11-25,Robots,RCB-889 Robot,549,4,2196,mgarthland1@nationalgeographic.com,Waco
2021-11-26,Blueprints,All Eyes Drone Blueprint,9.99,2,19.98,aberickkg@intel.com,Atlanta
2021-11-26,Training Videos,Understanding Raspberry PI,28.99,3,86.97,ploryf4@slideshare.net,Omaha
2021-11-26,Blueprints,Sleepy Eye Blueprint,11.99,6,71.94,egrindlaynw@chicagotribune.com,Moreno Valley
2021-11-26,Training Videos,Understanding Raspberry PI,28.99,4,115.96,fgrieswoodh8@sina.com.cn,Pensacola
2021-11-27,Training Videos,Understanding Raspberry PI,28.99,3,86.97,lhughes8y@qq.com,Phoenix
2021-11-27,Drone Kits,BYOD-350,89.95,5,449.75,jgluyasrl@cdc.gov,Troy
2021-11-27,Training Videos,Robotic Essentials,34.99,4,139.96,gjirusekby@360.cn,Indianapolis
2021-11-27,Drones,DTI-84 Drone,455,4,1820,fboyling@wordpress.org,Carol Stream
2021-11-27,eBooks,Delta Robots,16.99,3,50.97,ssabbatier5w@mediafire.com,Rochester
2021-11-27,Training Videos,Understanding 3D Printing,42.99,4,171.96,mburton4z@scribd.com,El Paso
2021-11-27,Blueprints,Panda Robot Blueprint,7.99,5,39.95,claurenzibt@noaa.gov,Pompano Beach
2021-11-27,Training Videos,Industrial 3D Printing,49,4,196,ljudgkinsji@godaddy.com,Fort Collins
2021-11-27,Robot Kits,BYOR-1000,189,3,567,iweddeburn4p@ocn.ne.jp,Harrisburg
2021-11-28,Training Videos,Virtual Reality Basics,29.99,1,29.99,wsayergy@prnewswire.com,Bradenton
2021-11-28,Training Videos,Drone Video Techniques,37.99,2,75.98,myashaev3h@ow.ly,Gainesville
2021-11-28,Drone Kits,BYOD-350,89.95,5,449.75,mtwydell6r@bravesites.com,Fort Worth
2021-11-29,Drone Kits,BYOD-500,167,6,1002,sactonhe@amazon.co.jp,Harrisburg
2021-11-29,Drone Kits,BYOD-400S,129.95,5,649.75,cbarker7t@clickbank.net,Saint Petersburg
2021-11-29,Drone Kits,BYOD-500,167,1,167,gplainak@canalblog.com,Philadelphia
2021-11-29,Training Videos,Industrial 3D Printing,49,5,245,astrikei9@opensource.org,Philadelphia
2021-11-29,Robots,RXW-9807 Robot,599,4,2396,ehammantkh@ow.ly,Carson City
2021-11-30,eBooks,Single Rotor Drones,14.99,1,14.99,hottawellcs@sourceforge.net,Wilmington
2021-11-30,Drone Kits,BYOD-400,119,3,357,tcoytesas@technorati.com,Monticello
2021-11-30,Drones,DX-145 Drone,250,4,1000,fbooseyjv@chicagotribune.com,Richmond
2021-11-30,Drone Kits,BYOD-550,179,6,1074,easkella0@eventbrite.com,New Orleans
2021-11-30,Drones,MICR-564K Drone,499,5,2495,dpickupj4@amazon.co.jp,Lexington
2021-11-30,Blueprints,All Eyes Drone Blueprint,9.99,4,39.96,mwilbrahame@cnn.com,Oakland
2021-12-01,Training Videos,Understanding Raspberry PI,28.99,5,144.95,babrahamssonje@twitter.com,Philadelphia
2021-12-02,Drones,DX-145 Drone,250,4,1000,etabartf5@ezinearticles.com,Troy
2021-12-02,eBooks,RTF Drones,16.99,5,84.949999999999989,laylwardde@jalbum.net,Dallas
2021-12-02,Drones,DTI-84 Drone,455,3,1365,cmcgrathn8@aol.com,Baton Rouge
2021-12-02,eBooks,SCARA Robots,19.5,5,97.5,jallomdj@stanford.edu,Kansas City
2021-12-03,eBooks,GPS Drones,19.99,3,59.97,cciobutaru6v@netlog.com,Charlotte
2021-12-03,eBooks,RTF Drones,16.99,3,50.97,vkrolleg4@fc2.com,San Francisco
2021-12-03,Blueprints,Bsquare Robot Blueprint,8.99,2,17.98,mbisset68@npr.org,Dallas
2021-12-03,eBooks,Fixed Wing Drones,15.5,1,15.5,wgaveltonepz@hud.gov,Memphis
2021-12-04,Robots,RQTE-554 Robot,684,6,4104,kkempstone3t@harvard.edu,Denver
2021-12-04,Drone Kits,BYOD-550,179,2,358,cpala1d@mysql.com,Davenport
2021-12-05,Training Videos,Robotic Essentials,34.99,3,104.97,jmasseic9@google.it,Waterbury
2021-12-05,Drone Kits,BYOD-100,54,6,324,gbaldacchiaj@prnewswire.com,Bronx
2021-12-05,Robot Kits,BYOR-1500,189,4,756,gatwood6i@stanford.edu,Milwaukee
2021-12-05,Training Videos,Understanding Drone Regulations,27.5,5,137.5,jhectores@geocities.com,Fresno
2021-12-05,Drone Kits,BYOD-220,69,2,138,dhallard4v@admin.ch,Lynchburg
2021-12-05,Training Videos,Understanding Automation,44.95,5,224.75,mgeavesab@hibu.com,Charlotte
2021-12-06,Training Videos,Cloud Computing,29.99,4,119.96,ufilochov4r@nytimes.com,Cincinnati
2021-12-06,eBooks,Fixed Wing Drones,15.5,4,62,ihalei4@nifty.com,Tampa
2021-12-06,Training Videos,Open Source Code,32.95,3,98.850000000000009,gpritchett9i@wikipedia.org,Jackson
2021-12-06,eBooks,SCARA Robots,19.5,5,97.5,pgowfy@businessweek.com,Dayton
2021-12-06,eBooks,GPS Drones,19.99,5,99.949999999999989,cchadwickg2@craigslist.org,Bakersfield
2021-12-06,Drone Kits,BYOD-300,89,4,356,fphebee40@seattletimes.com,South Bend
2021-12-06,Drone Kits,BYOD-350,89.95,4,359.8,dperellihx@dagondesign.com,Fairbanks
2021-12-06,eBooks,Multi Rotor Drones,24.95,3,74.85,gchaloneri6@about.com,Houston
2021-12-07,Robots,RQTE-554 Robot,684,4,2736,sruberti9l@dion.ne.jp,Phoenix
2021-12-07,eBooks,Understanding Artificial Intelligence,19.5,4,78,wconybearoy@webnode.com,Austin
2021-12-07,Training Videos,Robotic Essentials,34.99,3,104.97,rgilbeyat@clickbank.net,Manassas
2021-12-08,Robots,RQTE-554 Robot,684,3,2052,cillwellk2@cdbaby.com,Tacoma
2021-12-08,eBooks,RTF Drones,16.99,3,50.97,dwharindh@sina.com.cn,Oklahoma City
2021-12-08,eBooks,Understanding Artificial Intelligence,19.5,3,58.5,eblakedenhc@imgur.com,Louisville
2021-12-08,Training Videos,Understanding Drone Regulations,27.5,3,82.5,ebrucejk@ftc.gov,Flushing
2021-12-08,Drones,DA-SA702 Drone,399,5,1995,eyakoboviczn6@fc2.com,Madison
2021-12-08,Drones,DA-SA702 Drone,399,4,1596,cmatthiesonhg@oracle.com,Young America
2021-12-08,Robots,RLK-9920 Robot,699,2,1398,idyson1n@toplist.cz,Plano
2021-12-09,Drones,DTD-7000 Drone,450,3,1350,sklausenr8@github.com,Oklahoma City
2021-12-09,Blueprints,QuadroCopter Blueprint,10.99,4,43.96,aarendsenpl@state.tx.us,Prescott
2021-12-10,Blueprints,Ladybug Robot Blueprint,12,3,36,gmoensqa@gnu.org,Scottsdale
2021-12-10,Training Videos,Understanding Automation,44.95,6,269.70000000000005,dhenlonc2@blogs.com,Denver
2021-12-10,Drones,DX-145 Drone,250,5,1250,jramsbothamly@pagesperso-orange.fr,Topeka
2021-12-10,Drone Kits,BYOD-500,167,5,835,mrodmellaf@feedburner.com,Salt Lake City
2021-12-10,Drones,DX-145 Drone,250,5,1250,pcameranaol@ed.gov,Chicago
2021-12-10,Robot Kits,BYOR-2640S,189,2,378,sbolgerfn@epa.gov,Sacramento
2021-12-10,Drone Kits,BYOD-350,89.95,5,449.75,hdunnetix@slideshare.net,Riverside
2021-12-10,eBooks,RTF Drones,16.99,3,50.97,mplewmano7@woothemes.com,Schenectady
2021-12-11,eBooks,RTF Drones,16.99,2,33.98,jaucourteen@imageshack.us,Tacoma
2021-12-11,Training Videos,Understanding 3D Printing,42.99,3,128.97,tsailoro4@barnesandnoble.com,Las Vegas
2021-12-11,Drone Kits,BYOD-500,167,4,668,nshaw9u@craigslist.org,Arlington
2021-12-11,eBooks,Articulated Robots,23.99,2,47.98,nwebberley8w@studiopress.com,Washington
2021-12-11,Robot Kits,BYOR-2640S,189,4,756,edii0@geocities.com,Tampa
2021-12-12,Blueprints,QuadroCopter Blueprint,10.99,4,43.96,fcaseroes@cnet.com,Peoria
2021-12-12,eBooks,Polar Robots,23.99,4,95.96,wmacneillqg@forbes.com,Denver
2021-12-12,Robots,RCB-889 Robot,549,3,1647,tangearrk@so-net.ne.jp,Oklahoma City
2021-12-13,Training Videos,AI for Educators,49.95,6,299.70000000000005,vdilgarno2u@360.cn,Atlanta
2021-12-13,Training Videos,Industrial 3D Printing,49,4,196,tmouginej@phoca.cz,Atlanta
2021-12-13,Training Videos,Understanding Drone Regulations,27.5,1,27.5,ecleworthcq@hp.com,Columbus
2021-12-14,eBooks,Photograph Drones,14.99,2,29.98,ljacklinci@hatena.ne.jp,San Diego
2021-12-14,Drones,DX-145 Drone,250,5,1250,jlattka2f@tuttocitta.it,Midland
2021-12-14,eBooks,Cartesian Robots,12.99,4,51.96,fhonatsch4p@epa.gov,Hartford
2021-12-14,Robot Kits,BYOR-3000,214,2,428,cgabrielaq@spotify.com,Stamford
2021-12-15,Training Videos,Understanding Drone Regulations,27.5,1,27.5,vilyinskioe@amazonaws.com,Oklahoma City
2021-12-15,Training Videos,Understanding Raspberry PI,28.99,2,57.98,ctunnyhk@nytimes.com,Washington
2021-12-15,Drones,DTD-7000 Drone,450,3,1350,mbuckmaster6b@mediafire.com,Detroit
2021-12-15,eBooks,Building Your Own Drone,24.99,4,99.96,clillea8@nasa.gov,Birmingham
2021-12-15,eBooks,Spherical Robots,16.75,6,100.5,mmccobb9w@youtu.be,Sacramento
2021-12-15,Drone Kits,BYOD-300,89,4,356,tzimmerman1p@multiply.com,Lexington
2021-12-16,eBooks,SCARA Robots,19.5,2,39,kgierhard5v@ftc.gov,Peoria
2021-12-17,Training Videos,AI for Educators,49.95,1,49.95,ilethbyib@ustream.tv,Brooklyn
2021-12-17,Blueprints,QuadroCopter Blueprint,10.99,5,54.95,epetegreem0@hhs.gov,Spokane
2021-12-17,Robots,RWW-75 Robot,883,5,4415,sbattellj4@soundcloud.com,San Antonio
2021-12-18,Training Videos,AI for Educators,49.95,3,149.85000000000002,wellinghamho@npr.org,Buffalo
2021-12-18,eBooks,Delivery Drones,14.99,4,59.96,bmarnerb7@umn.edu,Young America
2021-12-18,Training Videos,Robotic Essentials,34.99,4,139.96,cwinstonds@toplist.cz,Miami
2021-12-18,eBooks,Helicopter Drones,20.95,5,104.75,jfancejg@google.fr,New York City
2021-12-18,Training Videos,Aerial Security,36.99,2,73.98,pchree4g@cargocollective.com,Baltimore
2021-12-19,Drones,DTE-QFN20 Drone,250,3,750,vsitchkp@phoca.cz,Fresno
2021-12-19,Training Videos,Understanding 3D Printing,42.99,1,42.99,emcmurdore@ifeng.com,Topeka
2021-12-19,eBooks,SCARA Robots,19.5,2,39,rscoinesk6@blogspot.com,Madison
2021-12-19,Drone Kits,BYOD-220,69,6,414,sfeifer3z@mit.edu,Tampa
2021-12-19,eBooks,Spherical Robots,16.75,3,50.25,nwebberley8w@studiopress.com,Washington
2021-12-19,Drones,DTI-84 Drone,455,2,910,jsimonsence@vimeo.com,Silver Spring
2021-12-20,Robots,RCB-889 Robot,549,3,1647,cscarr9m@yahoo.com,Montgomery
2021-12-21,Drones,DX-145 Drone,250,2,500,acastelijnca@google.fr,Richmond
2021-12-21,eBooks,Articulated Robots,23.99,2,47.98,ldangerfield5h@geocities.com,Wilmington
2021-12-21,eBooks,SCARA Robots,19.5,2,39,eemanuelli28@cafepress.com,Tampa
2021-12-21,Drone Kits,BYOD-500,167,3,501,ddabinettba@ameblo.jp,Indianapolis
2021-12-22,Blueprints,Ladybug Robot Blueprint,12,5,60,tburnhamsqb@deviantart.com,Baltimore
2021-12-22,Drones,DA-SA702 Drone,399,4,1596,gmander4i@biblegateway.com,Boise
2021-12-22,Robot Kits,BYOR-1500,189,5,945,lstelljes40@storify.com,Stockton
2021-12-22,Training Videos,Aerial Security,36.99,6,221.94,tlynock21@wunderground.com,Chico
2021-12-23,eBooks,RTF Drones,16.99,6,101.94,tantonopoulos8f@virginia.edu,New Orleans
2021-12-23,Blueprints,All Eyes Drone Blueprint,9.99,4,39.96,gchaloneri6@about.com,Houston
2021-12-23,Robots,RLK-9920 Robot,699,2,1398,lbinniebq@aol.com,Hollywood
2021-12-24,Robot Kits,BYOR-2640S,189,3,567,ffayermani5@is.gd,Montgomery
2021-12-24,Robot Kits,BYOR-3000,214,3,642,jhambelton76@moonfruit.com,Riverside
2021-12-24,Drone Kits,BYOD-400S,129.95,3,389.84999999999997,eharmstone9d@unicef.org,College Station
2021-12-25,Blueprints,Creature Robot Arms Blueprint,12,3,36,kbonnetmg@google.com.br,Los Angeles
2021-12-25,Blueprints,Ladybug Robot Blueprint,12,6,72,ubrigshawkp@mac.com,Phoenix
2021-12-25,Blueprints,Sleepy Eye Blueprint,11.99,2,23.98,bdisbury5b@phpbb.com,Kansas City
2021-12-25,Drone Kits,BYOD-550,179,1,179,lstelljes40@storify.com,Stockton
2021-12-25,Training Videos,Understanding 3D Printing,42.99,2,85.98,oleevesmc@naver.com,Little Rock
2021-12-25,Drones,MICR-564K Drone,499,2,998,anuschke5l@devhub.com,Rochester
2021-12-25,Drone Kits,BYOD-100,54,3,162,ljolleyiw@google.de,Miami
2021-12-26,Blueprints,Bsquare Robot Blueprint,8.99,3,26.97,afitzroyao@hexun.com,Houston
2021-12-26,Drone Kits,BYOD-300,89,3,267,abernaertc9@newyorker.com,Albuquerque
2021-12-26,Robot Kits,BYOR-4005,245,4,980,hslarkpp@csmonitor.com,Detroit
2021-12-26,eBooks,SCARA Robots,19.5,1,19.5,wshillamio@ft.com,North Las Vegas
2021-12-26,eBooks,Understanding Arduino,17.5,6,105,mmenlovelb@sbwire.com,Fresno
2021-12-27,Robot Kits,BYOR-3535,225,4,900,asouthallg@sohu.com,Daytona Beach
2021-12-27,Drone Kits,BYOD-220,69,3,207,challiburtonjx@wordpress.com,Anchorage
2021-12-27,eBooks,RTF Drones,16.99,3,50.97,ldreschler65@reverbnation.com,Little Rock
2021-12-27,Drone Kits,BYOD-500,167,5,835,lfreschini59@histats.com,Minneapolis
2021-12-27,Robots,RQTE-554 Robot,684,3,2052,jaishfordjx@ftc.gov,Phoenix
2021-12-28,Drone Kits,BYOD-200,58.95,6,353.70000000000005,dburnistondv@nymag.com,Evansville
2021-12-28,Drone Kits,BYOD-200,58.95,3,176.85000000000002,astampir@gizmodo.com,Phoenix
2021-12-28,Drone Kits,BYOD-100,54,4,216,gplainak@canalblog.com,Philadelphia
2021-12-29,Robots,MICR-23K Robot,899,4,3596,ddonoherh2@joomla.org,Dallas
2021-12-29,Blueprints,QuadroCopter Blueprint,10.99,3,32.97,sbolgerfn@epa.gov,Sacramento
2021-12-29,Drones,DA-SA702 Drone,399,3,1197,jkleinzweigla@bluehost.com,Chandler
2021-12-29,Robot Kits,BYOR-1000,189,3,567,ldambrogiij@merriam-webster.com,Columbia
2021-12-30,Drones,DTD-7000 Drone,450,4,1800,hdarwentx@csmonitor.com,Arlington
2021-12-30,eBooks,Photograph Drones,14.99,4,59.96,akelwaybamber47@pinterest.com,Boca Raton
2021-12-31,Robots,RXW-9807 Robot,599,5,2995,kcoytenm@bandcamp.com,Philadelphia
2021-12-31,Drones,MICR-564K Drone,499,3,1497,jsumpner5u@google.com.au,Miami
2021-12-31,Training Videos,Open Source Code,32.95,3,98.850000000000009,rdrinkale8z@tripod.com,Fresno
2021-12-31,Training Videos,Understanding Automation,44.95,2,89.9,ngysehg@pagesperso-orange.fr,Richmond
2021-12-31,Robot Kits,BYOR-1000,189,4,756,nmotherwello3@istockphoto.com,Atlanta
2021-12-31,Drones,DC-304 Drone,395,5,1975,rcossumba@devhub.com,Saint Louis
2021-12-31,Training Videos,Understanding Automation,44.95,5,224.75,ccollopoi@delicious.com,Pittsburgh
